candidate_id,family,hole_count,hole_diameter_mm,min_distance_mm,total_open_area_mm2,support_mode,angle_set,angle_indices,throughput_detection_phantom,throughput_lumpy_phantom,throughput_heldout_phantom,comments,json_path,sensitivity_mean,sensitivity_cv,sensitivity_min_over_mean,active_voxel_fraction,roi_sensitivity_mean,roi_sensitivity_cv,roi_active_voxel_fraction,global_truncation_physical_mean,global_truncation_physical_p95,global_truncation_padded_mean,roi_truncation_physical_mean,roi_truncation_physical_p95,roi_truncation_padded_mean,overlap_mean,overlap_max,overlap_high_fraction,global_coherence_max,global_coherence_p95,roi_coherence_max,roi_coherence_p95,task_fisher_d2_mean,task_fisher_d2_min,task_crlb_mean,task_crlb_max,ranking_score
blue_noise_n3_d0d75_mind3_s0,blue_noise,3,0.75,3.0,1.325359400733194,physical_padded,phase0_default,"0,9,18,27,36",0.5848877460158368,0.23937741033223603,0.2386702290412058,blue-noise sparse 3-hole candidate,/home/venti/PARA/Project/XFCT/xfct_maskRecon/data/masks/candidates/blue_noise_n3_d0d75_mind3_s0.json,5.218632007920496e-05,0.21645596995931315,0.5842629293494916,1.0,4.667690088698566e-05,0.055105380391879184,1.0,0.5253888888888888,0.6666666666666666,0.379075,0.5368357487922705,0.5666666666666667,0.3333333333333333,0.03230206495610303,0.06791054358561856,0.0,0.26835572719573975,0.0067563545890152454,0.6305584907531738,0.15417009592056274,8.553965215626364e-07,5.838490196032555e-07,1229559.7343827947,1712771.5666621018,-1.7609441315891148
blue_noise_n3_d0d75_mind3_s1,blue_noise,3,0.75,3.0,1.325359400733194,physical_padded,phase0_default,"0,9,18,27,36",0.6640991260607428,0.2548618778790435,0.2545507582791582,blue-noise sparse 3-hole candidate,/home/venti/PARA/Project/XFCT/xfct_maskRecon/data/masks/candidates/blue_noise_n3_d0d75_mind3_s1.json,5.727816759446449e-05,0.16880954159223457,0.5323238071672035,1.0,6.14726960123407e-05,0.050728085390962796,1.0,0.4909305555555556,0.6,0.30149444444444445,0.3815562456866805,0.425,0.0955831608005521,0.03565410695469601,0.053782626047180385,0.0,0.3488439917564392,0.007913717068731785,0.5186237692832947,0.15123572945594788,1.1225220745414487e-06,7.950781237857798e-07,932918.4445579508,1257738.0386703142,-1.4003845972595972
blue_noise_n3_d0d75_mind6_s0,blue_noise,3,0.75,6.0,1.325359400733194,physical_padded,phase0_default,"0,9,18,27,36",0.6212803074880625,0.24520847165027027,0.25566845881765166,blue-noise sparse 3-hole candidate,/home/venti/PARA/Project/XFCT/xfct_maskRecon/data/masks/candidates/blue_noise_n3_d0d75_mind6_s0.json,5.5983841959266124e-05,0.26477704247030265,0.544630935898101,1.0,5.0136728841182125e-05,0.12495544397543068,1.0,0.5111666666666667,0.6666666666666666,0.12071388888888888,0.525,0.625,0.042839889579020005,0.09270787570160671,0.15393481304977022,0.0,0.2180534154176712,0.008733156137168407,0.7400874495506287,0.1855127364397049,8.36381085181745e-07,5.429659303568001e-07,1271968.9617242396,1841736.1828630173,-1.8536208112836003
blue_noise_n3_d0d75_mind6_s1,blue_noise,3,0.75,6.0,1.325359400733194,physical_padded,phase0_default,"0,9,18,27,36",0.5816873594357889,0.24833557024482825,0.2497979885566079,blue-noise sparse 3-hole candidate,/home/venti/PARA/Project/XFCT/xfct_maskRecon/data/masks/candidates/blue_noise_n3_d0d75_mind6_s1.json,5.6434527919372106e-05,0.20907338034928527,0.5697650106766187,1.0,3.572720811547139e-05,0.025877131799328257,1.0,0.5200805555555555,0.6666666666666666,0.4150166666666667,0.6666666666666666,0.6666666666666666,0.6666666666666666,0.03807599219669947,0.057444324269137675,0.0,0.45510005950927734,0.004470170475542545,0.6108757257461548,0.16690853238105774,7.058669851597998e-07,4.702835414396312e-07,1495321.1942975156,2126376.774613038,-1.9727089641551476
blue_noise_n3_d1d25_mind3_s0,blue_noise,3,1.25,3.0,3.6815538909255388,physical_padded,phase0_default,"0,9,18,27,36",1.5095651380712254,0.5499901482795894,0.5483348253170786,blue-noise sparse 3-hole candidate,/home/venti/PARA/Project/XFCT/xfct_maskRecon/data/masks/candidates/blue_noise_n3_d1d25_mind3_s0.json,0.0001447932774880112,0.20635875033573262,0.5849437512727045,1.0,0.00012973715124314474,0.05155960713870199,1.0,0.5263583333333334,0.6583333333333333,0.37717500000000004,0.5365769496204278,0.5583333333333333,0.3333333333333333,0.038974453421328,0.08189338914892341,0.0,0.2948422431945801,0.0057214912958443165,0.49318692088127136,0.08847327530384064,1.7293485147330305e-06,1.111053758521406e-06,612301.3040861182,900046.4579956989,-1.6676624700163412
blue_noise_n3_d1d25_mind3_s1,blue_noise,3,1.25,3.0,3.6815538909255388,physical_padded,phase0_default,"0,9,18,27,36",1.7210988371546578,0.5938107151329951,0.5928828686586141,blue-noise sparse 3-hole candidate,/home/venti/PARA/Project/XFCT/xfct_maskRecon/data/masks/candidates/blue_noise_n3_d1d25_mind3_s1.json,0.00015892832282387757,0.1632838006125329,0.5329190001379798,1.0,0.00016752691674815648,0.03858534453501027,1.0,0.4890305555555556,0.5916666666666667,0.2997194444444444,0.3927018633540373,0.425,0.12272256728778469,0.04260067228799292,0.06481534726477492,0.0,0.2702080011367798,0.008270766586065292,0.45243650674819946,0.09970167279243469,2.1743544861181253e-06,1.4562379152696099e-06,485033.2070869766,686700.9775767709,-1.3223813286415251
blue_noise_n3_d1d25_mind6_s0,blue_noise,3,1.25,6.0,3.6815538909255388,physical_padded,phase0_default,"0,9,18,27,36",1.6101374927660768,0.5668679212567392,0.5959459165471414,blue-noise sparse 3-hole candidate,/home/venti/PARA/Project/XFCT/xfct_maskRecon/data/masks/candidates/blue_noise_n3_d1d25_mind6_s0.json,0.0001553388089491987,0.26064941340267167,0.5452335025988609,1.0,0.00013888426162075458,0.12057755210167811,1.0,0.5132861111111111,0.6666666666666666,0.11949722222222223,0.5261214630779848,0.6166666666666667,0.04432367149758454,0.10832115714519978,0.17985679850703926,0.0,0.22250716388225555,0.00884174183011055,0.562996506690979,0.0984111875295639,1.7188239013843981e-06,1.0637137932020822e-06,625508.1952505438,940102.5035030472,-1.7635559635237485
blue_noise_n3_d1d25_mind6_s1,blue_noise,3,1.25,6.0,3.6815538909255388,physical_padded,phase0_default,"0,9,18,27,36",1.506548297117602,0.575689760019161,0.5793676928336691,blue-noise sparse 3-hole candidate,/home/venti/PARA/Project/XFCT/xfct_maskRecon/data/masks/candidates/blue_noise_n3_d1d25_mind6_s1.json,0.00015650775329169788,0.19954521081642376,0.5289614556744621,1.0,0.0001005575002640791,0.026770868351101346,1.0,0.5190361111111111,0.6583333333333333,0.41634722222222226,0.6583505866114562,0.6583333333333333,0.6564872325741891,0.04165726355817078,0.06285758028957517,0.0,0.1521371603012085,0.008913308382034302,0.6137020587921143,0.09795276075601578,1.4507437361871583e-06,9.089147546662914e-07,734128.6080834189,1100213.1881632295,-1.854795774895919
blue_noise_n5_d0d75_mind3_s0,blue_noise,5,0.75,3.0,2.2089323345553233,physical_padded,phase0_default,"0,9,18,27,36",0.8316261508498086,0.32290148027608334,0.33343418120293317,blue-noise sparse 5-hole candidate,/home/venti/PARA/Project/XFCT/xfct_maskRecon/data/masks/candidates/blue_noise_n5_d0d75_mind3_s0.json,7.906245759972434e-05,0.18250357215885113,0.41021071964957595,1.0,6.391619904331643e-05,0.07709723779922936,1.0,0.55912,0.645,0.30258666666666667,0.6255693581780538,0.655,0.3755383022774327,0.06921852934922605,0.289970670561947,0.0,0.4077907204627991,0.013598337769508362,0.5134791731834412,0.1439635008573532,8.954033438728866e-07,6.971767337317774e-07,1141698.5092193198,1434356.5291505076,-2.1300029598426717
blue_noise_n5_d0d75_mind3_s1,blue_noise,5,0.75,3.0,2.2089323345553233,physical_padded,phase0_default,"0,9,18,27,36",0.7767390174872125,0.31519132239757136,0.31724148866334956,blue-noise sparse 5-hole candidate,/home/venti/PARA/Project/XFCT/xfct_maskRecon/data/masks/candidates/blue_noise_n5_d0d75_mind3_s1.json,7.550680036509613e-05,0.24465828199787815,0.5270166025378243,1.0,5.280498843534316e-05,0.05747615003918968,1.0,0.58469,0.7,0.3786550000000001,0.6714182194616978,0.7044999999999998,0.4727329192546584,0.08040500439872181,0.4480693776190217,0.0,0.3884933292865753,0.010295207612216473,0.5419071316719055,0.17038454115390778,8.945752772588927e-07,5.797840446726618e-07,1205929.2075669442,1724780.1300992793,-2.418164711382907
blue_noise_n5_d0d75_mind6_s0,blue_noise,5,0.75,6.0,2.2089323345553233,physical_padded,phase0_default,"0,9,18,27,36",0.8233313104301057,0.3162251405114784,0.3211627357625742,blue-noise sparse 5-hole candidate,/home/venti/PARA/Project/XFCT/xfct_maskRecon/data/masks/candidates/blue_noise_n5_d0d75_mind6_s0.json,7.725581394285916e-05,0.17260417845510917,0.41427317850268763,1.0,6.45419564072736e-05,0.08702770218872287,1.0,0.5842366666666666,0.68,0.3950983333333334,0.6321635610766047,0.66,0.4000000000000001,0.048725827737493226,0.15166757842343542,0.0,0.17489415407180786,0.01350758969783783,0.5615895390510559,0.14499062299728394,9.669813894068324e-07,7.084833186457824e-07,1087840.6616665022,1411465.8365018838,-2.0487449505152653
blue_noise_n5_d0d75_mind6_s1,blue_noise,5,0.75,6.0,2.2089323345553233,physical_padded,phase0_default,"0,9,18,27,36",0.7971865416710192,0.3093579390586849,0.3185991938085772,blue-noise sparse 5-hole candidate,/home/venti/PARA/Project/XFCT/xfct_maskRecon/data/masks/candidates/blue_noise_n5_d0d75_mind6_s1.json,7.583082501221697e-05,0.2568910311763689,0.41907166906404375,1.0,6.065386362002175e-05,0.08145747239233814,1.0,0.6078616666666666,0.74,0.370875,0.6445341614906831,0.67,0.3739233954451346,0.03835572063412841,0.1572246472197469,0.0,0.5123554468154907,0.009526941925287247,0.6412087678909302,0.1511462777853012,9.544590013698105e-07,6.948832910419812e-07,1088817.8330881423,1439090.5823918928,-2.137158472411011
blue_noise_n5_d1d25_mind3_s0,blue_noise,5,1.25,3.0,6.135923151542564,physical_padded,phase0_default,"0,9,18,27,36",2.2034462565190283,0.783474697070574,0.8116931795051414,blue-noise sparse 5-hole candidate,/home/venti/PARA/Project/XFCT/xfct_maskRecon/data/masks/candidates/blue_noise_n5_d1d25_mind3_s0.json,0.00021952168970352625,0.176586148393842,0.410811075561524,1.0,0.00017909263524449687,0.07113127085201819,1.0,0.5616783333333333,0.6452499999999987,0.306875,0.6203933747412008,0.64,0.3660973084886129,0.07733382547613428,0.3270856166353625,0.0,0.1426195502281189,0.01315023098140955,0.5856965184211731,0.10603667795658112,1.7440249215063373e-06,1.3170340351179804e-06,585066.241214366,759281.8206178093,-2.0501827433767748
blue_noise_n5_d1d25_mind3_s1,blue_noise,5,1.25,3.0,6.135923151542564,physical_padded,phase0_default,"0,9,18,27,36",2.0495328461834124,0.7610726035506798,0.7668200848560698,blue-noise sparse 5-hole candidate,/home/venti/PARA/Project/XFCT/xfct_maskRecon/data/masks/candidates/blue_noise_n5_d1d25_mind3_s1.json,0.0002095122634993209,0.2372020669644829,0.5633517629638285,1.0,0.00015043997498371736,0.05146095359524795,1.0,0.5847383333333334,0.685,0.37684500000000004,0.6674844720496894,0.69,0.463871635610766,0.08615702967823244,0.4581403516886422,0.0,0.18245510756969452,0.011727368459105492,0.5199864506721497,0.09103293716907501,1.8573118193598452e-06,1.158950056537749e-06,582620.9001392667,862849.9514357013,-2.2947827726241825
blue_noise_n5_d1d25_mind6_s0,blue_noise,5,1.25,6.0,6.135923151542564,physical_padded,phase0_default,"0,9,18,27,36",2.1709006603730354,0.7640073759602042,0.7775308813503323,blue-noise sparse 5-hole candidate,/home/venti/PARA/Project/XFCT/xfct_maskRecon/data/masks/candidates/blue_noise_n5_d1d25_mind6_s0.json,0.00021440258319847105,0.16426264675478644,0.42623625139886784,1.0,0.00017926380889547695,0.08184679156735332,1.0,0.5840216666666667,0.68,0.39463000000000004,0.6322153209109731,0.655,0.4000000000000001,0.05628079139632134,0.17352005563356346,0.0,0.18586337566375732,0.009518344886600971,0.5141104459762573,0.07534019649028778,1.877126286319713e-06,1.3461063206982268e-06,556921.5935825264,742883.3700753287,-1.9456858021143908
blue_noise_n5_d1d25_mind6_s1,blue_noise,5,1.25,6.0,6.135923151542564,physical_padded,phase0_default,"0,9,18,27,36",2.106673460920363,0.7442267629097763,0.7702721301424231,blue-noise sparse 5-hole candidate,/home/venti/PARA/Project/XFCT/xfct_maskRecon/data/masks/candidates/blue_noise_n5_d1d25_mind6_s1.json,0.00021033577361760658,0.24893743029847146,0.4212426344586153,1.0,0.00017098197284303696,0.07595289863431677,1.0,0.6073483333333333,0.72,0.3707600000000001,0.6387474120082816,0.665,0.3629399585921325,0.04418602116693654,0.17978239425331144,0.0,0.19192452728748322,0.00990891270339489,0.4623226821422577,0.0897240936756134,1.9723806081116435e-06,1.3656205378177758e-06,530251.9429817302,732267.8389107801,-2.0289063069757267
blue_noise_n7_d0d75_mind3_s0,blue_noise,7,0.75,3.0,3.0925052683774528,physical_padded,phase0_default,"0,9,18,27,36",1.138073018159035,0.43404315535583715,0.4405304904861562,blue-noise sparse 7-hole candidate,/home/venti/PARA/Project/XFCT/xfct_maskRecon/data/masks/candidates/blue_noise_n7_d0d75_mind3_s0.json,0.00011284804245061224,0.17403810727951521,0.5530169623980371,1.0,8.275587018240862e-05,0.07560604760526325,1.0,0.5635642857142857,0.6642857142857143,0.32056190476190477,0.6475155279503105,0.675,0.4100561963916002,0.08349204918448229,0.4148046957212605,0.0,0.2128787636756897,0.015357736498117447,0.5742273926734924,0.13179384171962738,9.698025221992243e-07,7.345610152076937e-07,1054522.1441361418,1361357.2995256966,-2.2544149798983195
blue_noise_n7_d0d75_mind3_s1,blue_noise,7,0.75,3.0,3.0925052683774528,physical_padded,phase0_default,"0,9,18,27,36",1.3771211909793184,0.5042171964746549,0.5104853033924399,blue-noise sparse 7-hole candidate,/home/venti/PARA/Project/XFCT/xfct_maskRecon/data/masks/candidates/blue_noise_n7_d0d75_mind3_s1.json,0.00013419136350775664,0.14674237904591786,0.6739614445614824,1.0,0.00011274069843125774,0.051857686814880365,1.0,0.5075428571428571,0.6214285714285714,0.3413071428571428,0.5454081632653062,0.5642857142857143,0.39329340431824905,0.11857720661297104,0.5482233381848733,0.047619047619047616,0.28876549005508423,0.01732521690428257,0.6061500906944275,0.13456174731254578,1.0659341160652183e-06,9.00786816015464e-07,948590.247798964,1110140.5817898125,-2.0910934318006897
blue_noise_n7_d0d75_mind6_s0,blue_noise,7,0.75,6.0,3.0925052683774528,physical_padded,phase0_default,"0,9,18,27,36",1.0336680731007668,0.37377756089608316,0.3803944561171086,blue-noise sparse 7-hole candidate,/home/venti/PARA/Project/XFCT/xfct_maskRecon/data/masks/candidates/blue_noise_n7_d0d75_mind6_s0.json,9.492711677659953e-05,0.19641067125369885,0.33476788807523256,1.0,9.117483022026618e-05,0.10615983540904902,1.0,0.632497619047619,0.7035714285714286,0.3783059523809523,0.6263235729074239,0.6571428571428571,0.287488908606921,0.060793537079884184,0.49053464817948117,0.0,0.16512995958328247,0.012311340309679508,0.4808309078216553,0.1295626312494278,1.346819570533078e-06,9.330496361795717e-07,783532.0161005795,1071754.3432036056,-2.392064239328517
blue_noise_n7_d0d75_mind6_s1,blue_noise,7,0.75,6.0,3.0925052683774528,physical_padded,phase0_default,"0,9,18,27,36",1.0862912290401185,0.42226644906738176,0.43249381184279023,blue-noise sparse 7-hole candidate,/home/venti/PARA/Project/XFCT/xfct_maskRecon/data/masks/candidates/blue_noise_n7_d0d75_mind6_s1.json,0.00011029585610637138,0.18850631643972618,0.3496676081355828,1.0,7.24011474221864e-05,0.09544443727102955,1.0,0.5799464285714286,0.6821428571428572,0.35081547619047615,0.67298876072168,0.7071428571428572,0.4796879621413782,0.07473781064545026,0.29243065339146684,0.0,0.28578245639801025,0.015058240853250027,0.6279150247573853,0.15255990624427795,8.599137340851576e-07,7.67871507486811e-07,1173505.3899077252,1302301.2186933842,-2.2358567349339906
blue_noise_n7_d1d25_mind3_s0,blue_noise,7,1.25,3.0,8.59029241215959,physical_padded,phase0_default,"0,9,18,27,36",3.0585703488123275,1.0918464082502808,1.1093175489977316,blue-noise sparse 7-hole candidate,/home/venti/PARA/Project/XFCT/xfct_maskRecon/data/masks/candidates/blue_noise_n7_d1d25_mind3_s0.json,0.00031312359561980776,0.16668472110436727,0.5863002177685788,1.0,0.0002332137435512367,0.07085650407114172,1.0,0.5636619047619048,0.6571428571428571,0.3208690476190476,0.6406684412895594,0.6642857142857143,0.4003401360544218,0.09222445703821969,0.4177722071670575,0.0,0.2209213674068451,0.014893513172864914,0.46614930033683777,0.0919291079044342,1.8991506394514357e-06,1.3994841330853827e-06,540436.1253871877,714549.0087089039,-2.124569932985661
blue_noise_n7_d1d25_mind3_s1,blue_noise,7,1.25,3.0,8.59029241215959,physical_padded,phase0_default,"0,9,18,27,36",3.7134097348365778,1.2844563417593737,1.301558414172627,blue-noise sparse 7-hole candidate,/home/venti/PARA/Project/XFCT/xfct_maskRecon/data/masks/candidates/blue_noise_n7_d1d25_mind3_s1.json,0.0003719790389099383,0.14141282359661728,0.6888331624952249,1.0,0.0003154104600429245,0.04542020525506599,1.0,0.5111095238095239,0.6178571428571429,0.3434214285714286,0.5437000887311447,0.5607142857142857,0.39092724046140204,0.1328898510635823,0.5804344991144085,0.047619047619047616,0.18778088688850403,0.01616446115076542,0.5479599237442017,0.08869689702987671,2.077813210366738e-06,1.713907172167503e-06,488158.7981877678,583462.1712536181,-1.991558831093968
blue_noise_n7_d1d25_mind6_s0,blue_noise,7,1.25,6.0,8.59029241215959,physical_padded,phase0_default,"0,9,18,27,36",2.7509456052573764,0.9235788098008548,0.9428469622816212,blue-noise sparse 7-hole candidate,/home/venti/PARA/Project/XFCT/xfct_maskRecon/data/masks/candidates/blue_noise_n7_d1d25_mind6_s0.json,0.00026358884732956967,0.18944033785871936,0.34452572561008094,1.0,0.00025164906699522155,0.09600606902674817,1.0,0.6314797619047618,0.6964285714285714,0.38012619047619045,0.628142561372375,0.6535714285714286,0.2926796805678793,0.06817728004339711,0.5071642255236939,0.047619047619047616,0.19954219460487366,0.01371113583445549,0.45549845695495605,0.09457170963287354,2.564596715930014e-06,1.7499365099407395e-06,409433.6063806125,571449.3036286582,-2.2937684649206953
blue_noise_n7_d1d25_mind6_s1,blue_noise,7,1.25,6.0,8.59029241215959,physical_padded,phase0_default,"0,9,18,27,36",2.930034233463931,1.0588314531352805,1.086955550123716,blue-noise sparse 7-hole candidate,/home/venti/PARA/Project/XFCT/xfct_maskRecon/data/masks/candidates/blue_noise_n7_d1d25_mind6_s1.json,0.0003061380087658399,0.1806832378223001,0.44376321064399954,1.0,0.0002096376864080756,0.07353349309907024,1.0,0.5805928571428571,0.675,0.35105476190476187,0.661461106181603,0.6892857142857143,0.461483288967761,0.08091473153497206,0.2968569519082921,0.0,0.1982363611459732,0.01780194789171219,0.4632783830165863,0.09461110085248947,1.8688786489404726e-06,1.5550323077523123e-06,542680.816668628,643073.4557826829,-2.085494993290353
blue_noise_n9_d0d75_mind3_s0,blue_noise,9,0.75,3.0,3.9760782021995817,physical_padded,phase0_default,"0,9,18,27,36",1.4570848117057822,0.5363825714605059,0.5542850440051375,blue-noise sparse 9-hole candidate,/home/venti/PARA/Project/XFCT/xfct_maskRecon/data/masks/candidates/blue_noise_n9_d0d75_mind3_s0.json,0.00014564260736935983,0.1807196437518183,0.5551295854804281,1.0,0.00011146506641115239,0.06127198171547332,1.0,0.5773092592592594,0.6555555555555556,0.3135138888888889,0.6306303197607547,0.6527777777777778,0.36176673567977913,0.09445567262126242,0.45238534934006314,0.0,0.16738972067832947,0.018214058130979538,0.6186978816986084,0.14942459762096405,9.81631734567615e-07,8.583276850037952e-07,1030896.1159102207,1165056.210432707,-2.2596145454779974
blue_noise_n9_d0d75_mind3_s1,blue_noise,9,0.75,3.0,3.9760782021995817,physical_padded,phase0_default,"0,9,18,27,36",1.5003724554371907,0.5435954023180034,0.5595051121528659,blue-noise sparse 9-hole candidate,/home/venti/PARA/Project/XFCT/xfct_maskRecon/data/masks/candidates/blue_noise_n9_d0d75_mind3_s1.json,0.00014789942284898724,0.18528210940408937,0.4359406668319917,1.0,0.00012185422812985729,0.06309507150209819,1.0,0.5594509259259259,0.6611111111111111,0.3501916666666667,0.5969749252357948,0.6302777777777777,0.36622383252818036,0.10874030048693399,0.6921801673401647,0.05555555555555555,0.21255913376808167,0.018834471702575684,0.49235260486602783,0.1467691957950592,1.040592136224611e-06,9.570360120483348e-07,964048.1267586369,1044892.7599492414,-2.391707742321947
blue_noise_n9_d0d75_mind6_s1,blue_noise,9,0.75,6.0,3.9760782021995817,physical_padded,phase0_default,"0,9,18,27,36",1.1521709656896535,0.43899672476850693,0.4546802869621055,blue-noise sparse 9-hole candidate,/home/venti/PARA/Project/XFCT/xfct_maskRecon/data/masks/candidates/blue_noise_n9_d0d75_mind6_s1.json,0.00011525395439733987,0.23389280465650011,0.2799634852969343,1.0,8.401160430780042e-05,0.09190800451962822,1.0,0.6542703703703704,0.7612499999999992,0.39809722222222216,0.7224810213940648,0.7583333333333333,0.4224522659305268,0.07862157811619822,0.6020433131615628,0.027777777777777776,0.3041294813156128,0.016589762642979622,0.5861465930938721,0.15743131935596466,1.0575337048454817e-06,8.105621202169446e-07,968967.5462085322,1233711.735421775,-2.7052025875305956
blue_noise_n9_d1d25_mind3_s0,blue_noise,9,1.25,3.0,11.044661672776616,physical_padded,phase0_default,"0,9,18,27,36",3.93791743638584,1.3746683308905414,1.4233219877869376,blue-noise sparse 9-hole candidate,/home/venti/PARA/Project/XFCT/xfct_maskRecon/data/masks/candidates/blue_noise_n9_d1d25_mind3_s0.json,0.00040382234894698846,0.1756121924503443,0.5924825618814867,1.0,0.0003136046311683282,0.055257609900648666,1.0,0.5786212962962963,0.65,0.3157462962962963,0.6280940878766966,0.6472222222222223,0.3598056130664826,0.10449971571495555,0.4775818146690558,0.0,0.13868652284145355,0.017505820840597153,0.5295940041542053,0.09137699753046036,1.9450526606379785e-06,1.6469641160410473e-06,520080.1830441815,607177.7704567043,-2.141687980863308
blue_noise_n9_d1d25_mind3_s1,blue_noise,9,1.25,3.0,11.044661672776616,physical_padded,phase0_default,"0,9,18,27,36",4.0466238928603575,1.3951692464700494,1.4382491101133252,blue-noise sparse 9-hole candidate,/home/venti/PARA/Project/XFCT/xfct_maskRecon/data/masks/candidates/blue_noise_n9_d1d25_mind3_s1.json,0.00041038694207517774,0.17887565103968284,0.4945965558552694,1.0,0.00033797021014594556,0.05815063814624437,1.0,0.5606305555555555,0.6555555555555556,0.35021111111111114,0.5994306418219462,0.6277777777777778,0.3695997239475501,0.1209357097892407,0.6983121249764636,0.05555555555555555,0.13613973557949066,0.016164273023605347,0.43251898884773254,0.08074793964624405,2.0310479898433518e-06,1.8709864876831712e-06,493720.11646233045,534477.4035424984,-2.260735951869737
blue_noise_n9_d1d25_mind6_s1,blue_noise,9,1.25,6.0,11.044661672776616,physical_padded,phase0_default,"0,9,18,27,36",3.0922595198433513,1.1036820613846183,1.1469307912161808,blue-noise sparse 9-hole candidate,/home/venti/PARA/Project/XFCT/xfct_maskRecon/data/masks/candidates/blue_noise_n9_d1d25_mind6_s1.json,0.00031973350696514694,0.22625047877390078,0.28090137341444615,1.0,0.00023522010454593296,0.08430851080305024,1.0,0.6574685185185185,0.7722222222222223,0.3993175925925926,0.7215493443754313,0.7527777777777778,0.4187313089487002,0.08602714041249732,0.6047633427689045,0.027777777777777776,0.16714951395988464,0.016207179054617882,0.5482361316680908,0.08108379691839218,2.086817920502957e-06,1.5416009284226457e-06,492759.6678443635,648676.3088701512,-2.569908918482909
cross_plus_center_n5_d0d75_mind3,cross_plus_center,5,0.75,3.0,2.2089323345553233,physical_padded,phase0_default,"0,9,18,27,36",1.7519037145557863,0.604124571264423,0.6027239606798098,5-hole controlled-overlap baseline,/home/venti/PARA/Project/XFCT/xfct_maskRecon/data/masks/candidates/cross_plus_center_n5_d0d75_mind3.json,0.00016192423762434994,0.1113468287432125,0.7234494625259044,1.0,0.00016956620070261762,0.018545113572061747,1.0,0.13414166666666666,0.365,0.03400666666666666,0.043633540372670816,0.09,0.0,0.34113536047760845,0.5836228035282938,0.2,0.25261133909225464,0.02340840734541416,0.5430158972740173,0.1419162005186081,8.633279395383769e-07,8.273286331762583e-07,1159700.1864695367,1208709.5259362974,-0.7293463727860106
cross_plus_center_n5_d0d75_mind6,cross_plus_center,5,0.75,6.0,2.2089323345553233,physical_padded,phase0_default,"0,9,18,27,36",1.2322575283051167,0.440534321816839,0.4446246410635017,5-hole controlled-overlap baseline,/home/venti/PARA/Project/XFCT/xfct_maskRecon/data/masks/candidates/cross_plus_center_n5_d0d75_mind6.json,0.00011404823959261042,0.10458600675547393,0.6604772210405759,1.0,0.00011236830106887253,0.03565167256263263,1.0,0.39284833333333335,0.54,0.19514499999999999,0.3076915113871636,0.35,0.11719461697722568,0.12083179647542205,0.46571890901841456,0.0,0.4443235695362091,0.0166962668299675,0.5741837024688721,0.1411556452512741,1.3753151693977578e-06,1.109430550087171e-06,749167.8954213816,901363.3164522352,-1.4436173609969714
cross_plus_center_n5_d1d25_mind3,cross_plus_center,5,1.25,3.0,6.135923151542564,physical_padded,phase0_default,"0,9,18,27,36",4.7463294270318865,1.5624649533579835,1.5582590095138222,5-hole controlled-overlap baseline,/home/venti/PARA/Project/XFCT/xfct_maskRecon/data/masks/candidates/cross_plus_center_n5_d1d25_mind3.json,0.00044905291296797034,0.10962254630316837,0.6644156920610227,1.0,0.00047073547820271946,0.014630002895411815,1.0,0.137015,0.37,0.03486666666666667,0.044368530020703935,0.09,0.0,0.37735825471796786,0.62315632151373,0.2,0.15875813364982605,0.01815822906792164,0.5357299447059631,0.08364706486463547,1.675935956320058e-06,1.5747156460440884e-06,598012.3132155424,635035.2855845075,-0.6281480985487572
cross_plus_center_n5_d1d25_mind6,cross_plus_center,5,1.25,6.0,6.135923151542564,physical_padded,phase0_default,"0,9,18,27,36",3.2997513920064705,1.1089547747291624,1.120387207408238,5-hole controlled-overlap baseline,/home/venti/PARA/Project/XFCT/xfct_maskRecon/data/masks/candidates/cross_plus_center_n5_d1d25_mind6.json,0.00031643963602616496,0.1004717639907472,0.6745183086278452,1.0,0.00031153849173725837,0.029523596958896146,1.0,0.3918433333333333,0.525,0.19476999999999997,0.3193685300207039,0.355,0.12900621118012423,0.13357165339187024,0.49740258458777953,0.0,0.18719404935836792,0.01678156852722168,0.46143248677253723,0.08086401969194412,2.6346569986133277e-06,2.061111609826359e-06,389465.868983462,485175.08476129844,-1.3598818509087376
grid3x3_n9_d0d75_mind6,grid3x3,9,0.75,6.0,3.9760782021995817,physical_padded,phase0_default,"0,9,18,27,36",1.6593376283447663,0.5749545439807469,0.5810210028924091,grid3x3 diagnostic baseline,/home/venti/PARA/Project/XFCT/xfct_maskRecon/data/masks/candidates/grid3x3_n9_d0d75_mind6.json,0.0001550173988317126,0.12764996262142106,0.6809098618403657,1.0,0.0001553978275614262,0.053476033421685186,1.0,0.5363842592592593,0.6277777777777778,0.3193435185185185,0.4444271911663217,0.4888888888888889,0.19532436162870948,0.09992516599483457,0.5187728322380083,0.027777777777777776,0.2897563874721527,0.024083875119686127,0.4191610813140869,0.14776578545570374,1.3956665090019327e-06,1.2492167634877124e-06,721826.7576802259,800501.5856560239,-1.9010896379194218
grid3x3_n9_d1d25_mind6,grid3x3,9,1.25,6.0,11.044661672776616,physical_padded,phase0_default,"0,9,18,27,36",4.477050086216894,1.4821067865785906,1.499211776043593,current grid baseline,/home/venti/PARA/Project/XFCT/xfct_maskRecon/data/masks/candidates/grid3x3_n9_d1d25_mind6.json,0.00043016612541599134,0.12125799725821994,0.6935517158032649,1.0,0.0004293732837289436,0.0437495066226954,1.0,0.5368796296296295,0.6194444444444445,0.32072407407407405,0.45822981366459625,0.5,0.21501035196687376,0.10911113351199775,0.5460245321680475,0.05555555555555555,0.17525239288806915,0.019638221710920334,0.4194967448711395,0.09781764447689056,2.624232544540366e-06,2.344961194973354e-06,383941.53294689424,426446.2892365104,-1.8120651258827363
ring_n3_d0d75_mind3,ring,3,0.75,3.0,1.325359400733194,physical_padded,phase0_default,"0,9,18,27,36",0.9127194699211589,0.34210709907360226,0.344449486162984,3-hole ring sparse depth-coded candidate,/home/venti/PARA/Project/XFCT/xfct_maskRecon/data/masks/candidates/ring_n3_d0d75_mind3.json,8.428027594242588e-05,0.10483731639376126,0.7710371939591182,1.0,7.976429768612646e-05,0.05595383252226922,1.0,0.25956666666666667,0.425,0.0036027777777777777,0.24898205659075223,0.2741666666666665,0.0,0.3388320158100868,0.535414303488234,0.3333333333333333,0.4005224108695984,0.016732344403862953,0.6288762092590332,0.18617860972881317,7.142321034413865e-07,6.517633243822764e-07,1408924.737235567,1534299.2810277762,-1.2936071624085872
ring_n3_d1d25_mind3,ring,3,1.25,3.0,3.6815538909255388,physical_padded,phase0_default,"0,9,18,27,36",2.4214653956288794,0.8360016672275493,0.8422989920219668,3-hole ring sparse depth-coded candidate,/home/venti/PARA/Project/XFCT/xfct_maskRecon/data/masks/candidates/ring_n3_d1d25_mind3.json,0.00023389577050192864,0.1013628848582427,0.7682764890072371,1.0,0.00022170050611401172,0.05166601307653627,1.0,0.26215277777777773,0.4166666666666667,0.0037222222222222227,0.24855072463768116,0.275,0.0,0.3653385855475945,0.5695467229842718,0.3333333333333333,0.2198333442211151,0.015297490172088146,0.581289529800415,0.11787024885416031,1.3558677327002022e-06,1.1940310526998499e-06,748513.9095815581,837499.1569430946,-1.2025502305707465
ring_n5_d0d75_mind3,ring,5,0.75,3.0,2.2089323345553233,physical_padded,phase0_default,"0,9,18,27,36",1.4671956227584277,0.5022868506442455,0.5039877275432698,5-hole ring sparse depth-coded candidate,/home/venti/PARA/Project/XFCT/xfct_maskRecon/data/masks/candidates/ring_n5_d0d75_mind3.json,0.00013139671884052033,0.12736317068560551,0.7681724413406827,1.0,0.00014990745247648866,0.03359259320600951,1.0,0.2993616666666667,0.48,0.13465,0.14938923395445136,0.1644999999999999,0.0,0.16142071367638405,0.535414303488234,0.1,0.26949143409729004,0.02122320979833603,0.615534245967865,0.13229411840438843,1.7554639724582236e-06,1.3578823296423647e-06,579367.071197315,736440.8374497201,-1.0970249958275244
ring_n5_d1d25_mind3,ring,5,1.25,3.0,6.135923151542564,physical_padded,phase0_default,"0,9,18,27,36",3.9531309545884996,1.2799883687858657,1.2847334005278213,5-hole ring sparse depth-coded candidate,/home/venti/PARA/Project/XFCT/xfct_maskRecon/data/masks/candidates/ring_n5_d1d25_mind3.json,0.00036459263912230836,0.1226082565910473,0.7755938553557885,1.0,0.0004165426027539067,0.03165994108371018,1.0,0.29755166666666666,0.475,0.13238666666666668,0.1491304347826087,0.165,0.0,0.18190954379408164,0.5695467229842718,0.1,0.17879074811935425,0.019197875633835793,0.48598429560661316,0.0761285126209259,3.2735812213460014e-06,2.497559720482596e-06,311312.14634153934,400390.8262128655,-0.99014070130954
ring_n7_d0d75_mind3,ring,7,0.75,3.0,3.0925052683774528,physical_padded,phase0_default,"0,9,18,27,36",1.9951804401910689,0.6591516952752154,0.6550983634155747,7-hole ring sparse depth-coded candidate,/home/venti/PARA/Project/XFCT/xfct_maskRecon/data/masks/candidates/ring_n7_d0d75_mind3.json,0.00017739360177533583,0.18237258511305393,0.6825129036125539,1.0,0.00021358737845359594,0.03011378061637901,1.0,0.3124047619047619,0.4857142857142857,0.13662499999999997,0.130678793256433,0.21428571428571427,0.0,0.1668893836059684,0.535414303488234,0.047619047619047616,0.27989038825035095,0.02641240879893303,0.49772974848747253,0.13326551020145416,1.7536067031353162e-06,1.5532313844227352e-06,572862.7524572347,643819.0793908366,-1.0684309732533341
ring_n7_d0d75_mind6,ring,7,0.75,6.0,3.0925052683774528,physical_padded,phase0_default,"0,9,18,27,36",1.745886101122979,0.5687335531540214,0.5669887101973283,7-hole ring sparse depth-coded candidate,/home/venti/PARA/Project/XFCT/xfct_maskRecon/data/masks/candidates/ring_n7_d0d75_mind6.json,0.00015126288705301287,0.15611422286330537,0.7482311678932427,1.0,0.00019551904351005768,0.05063516401520892,1.0,0.42080952380952386,0.5392857142857143,0.21421071428571425,0.1984028393966282,0.2785714285714286,0.0,0.10950929535559302,0.46571890901841456,0.0,0.2462134063243866,0.022550057619810104,0.5420113801956177,0.13338175415992737,2.0973573612878644e-06,1.6973243906703218e-06,483908.7603725616,589162.5699228133,-1.2687790484771715
ring_n7_d1d25_mind3,ring,7,1.25,3.0,8.59029241215959,physical_padded,phase0_default,"0,9,18,27,36",5.424612988618111,1.7157586715306168,1.7043916674842188,7-hole ring sparse depth-coded candidate,/home/venti/PARA/Project/XFCT/xfct_maskRecon/data/masks/candidates/ring_n7_d1d25_mind3.json,0.0004924371864107814,0.1774403316672921,0.691548104888751,1.0,0.0005925547105890606,0.025249433006636606,1.0,0.3119214285714285,0.48214285714285715,0.13413333333333333,0.13200236616385683,0.20714285714285716,0.0,0.18889943034548845,0.5695467229842718,0.047619047619047616,0.17504790425300598,0.021942351013422012,0.5351749658584595,0.07247896492481232,3.193810898989839e-06,2.7801147979795784e-06,315068.12581601593,359697.37678700907,-0.9526592712991034
ring_n7_d1d25_mind6,ring,7,1.25,6.0,8.59029241215959,physical_padded,phase0_default,"0,9,18,27,36",4.703231976185774,1.4647778000721279,1.460382419277076,7-hole ring sparse depth-coded candidate,/home/venti/PARA/Project/XFCT/xfct_maskRecon/data/masks/candidates/ring_n7_d1d25_mind6.json,0.0004198871311138816,0.14940793794601506,0.7724065654918265,1.0,0.0005367689398684379,0.051038183873143544,1.0,0.41620833333333335,0.5357142857142857,0.20962142857142854,0.20431824903874593,0.2785714285714286,0.005102040816326531,0.123721500066243,0.49740258458777953,0.0,0.16563460230827332,0.02256793901324272,0.46885737776756287,0.07462113350629807,3.8397790834920725e-06,3.115301119827852e-06,263820.22960826807,320996.25735545554,-1.1611930898896239
ring_n9_d0d75_mind3,ring,9,0.75,3.0,3.9760782021995817,physical_padded,phase0_default,"0,9,18,27,36",2.496390873183689,0.8238065482512168,0.8183586106519811,9-hole ring sparse depth-coded candidate,/home/venti/PARA/Project/XFCT/xfct_maskRecon/data/masks/candidates/ring_n9_d0d75_mind3.json,0.0002260360287724333,0.1741090709522007,0.6683631083292225,1.0,0.00026283069669093663,0.03871149865917543,1.0,0.316925,0.475,0.13403518518518517,0.167914653784219,0.24444444444444444,0.0,0.16883237934374562,0.535414303488234,0.027777777777777776,0.2371516227722168,0.022493312135338783,0.5742291808128357,0.12577810883522034,1.4137992836595299e-06,1.3487653726210143e-06,708234.224705188,741418.7969970868,-1.1140444013282038
ring_n9_d0d75_mind6,ring,9,0.75,6.0,3.9760782021995817,physical_padded,phase0_default,"0,9,18,27,36",1.4090879117556137,0.4986083674542795,0.5091367669114206,9-hole ring sparse depth-coded candidate,/home/venti/PARA/Project/XFCT/xfct_maskRecon/data/masks/candidates/ring_n9_d0d75_mind6.json,0.00013268711706145245,0.1657188873307837,0.5758481048537948,1.0,0.00013189208913725345,0.042798895347506145,1.0,0.603125925925926,0.6722222222222223,0.36345000000000005,0.5703473659995398,0.5916666666666667,0.24081550494593976,0.08515127349811125,0.5400266502493899,0.05555555555555555,0.18726150691509247,0.017921309918165207,0.531510055065155,0.1418648362159729,1.4863914353018154e-06,1.165718741759638e-06,685544.416318701,857839.8580866191,-2.2484252783873733
ring_n9_d1d25_mind3,ring,9,1.25,3.0,11.044661672776616,physical_padded,phase0_default,"0,9,18,27,36",6.81018216344167,2.1720604447213057,2.1563945622670007,9-hole ring sparse depth-coded candidate,/home/venti/PARA/Project/XFCT/xfct_maskRecon/data/masks/candidates/ring_n9_d1d25_mind3.json,0.0006271105498025747,0.17067220573769928,0.6757808045749426,1.0,0.0007306867831619569,0.03498692708773879,1.0,0.3178981481481481,0.48333333333333334,0.13603425925925924,0.16743731308948698,0.2388888888888889,0.0,0.1934712586798877,0.5695467229842718,0.027777777777777776,0.17821834981441498,0.02048593945801258,0.5153244733810425,0.06500381231307983,2.62716922655274e-06,2.4947380173472697e-06,381523.98170599993,400843.6930236587,-0.9916227243097783
ring_n9_d1d25_mind6,ring,9,1.25,6.0,11.044661672776616,physical_padded,phase0_default,"0,9,18,27,36",3.7775474137349745,1.270266692614376,1.2991621327656606,9-hole ring sparse depth-coded candidate,/home/venti/PARA/Project/XFCT/xfct_maskRecon/data/masks/candidates/ring_n9_d1d25_mind6.json,0.00036835299260925007,0.15887437255016587,0.6451300032333248,1.0,0.0003523260591795439,0.035481532927062576,1.0,0.6026842592592593,0.6666666666666666,0.3661055555555555,0.5813319530710835,0.6,0.2620312859443294,0.09551890216055085,0.5824627525233401,0.05555555555555555,0.1460474133491516,0.017187930643558502,0.40736332535743713,0.08014525473117828,2.7029117805049637e-06,2.052834472223984e-06,377420.9560277421,487131.336467001,-2.167340497064803
ring_two_n7_d0d75_mind3,ring_two,7,0.75,3.0,3.0925052683774528,physical_padded,phase0_default,"0,9,18,27,36",1.944463486566288,0.6558800879691886,0.653875390003325,7-hole ring sparse depth-coded candidate,/home/venti/PARA/Project/XFCT/xfct_maskRecon/data/masks/candidates/ring_two_n7_d0d75_mind3.json,0.0001779069786850433,0.10982469210444769,0.7522308743352519,1.0,0.0001964498039886434,0.03247990372828376,1.0,0.3194654761904762,0.4607142857142857,0.15155119047619048,0.178793256433008,0.23214285714285715,0.0525879917184265,0.17393811157103614,0.5586318040945507,0.047619047619047616,0.19869692623615265,0.02112029865384102,0.46557173132896423,0.13449233770370483,1.3226971343029547e-06,1.2046566026462633e-06,759877.4226505752,830112.0815702209,-1.1630175179745155
ring_two_n7_d0d75_mind6,ring_two,7,0.75,6.0,3.0925052683774528,physical_padded,phase0_default,"0,9,18,27,36",1.2732627420834475,0.44943730132450077,0.4484469863277522,7-hole ring sparse depth-coded candidate,/home/venti/PARA/Project/XFCT/xfct_maskRecon/data/masks/candidates/ring_two_n7_d0d75_mind6.json,0.0001170732171886545,0.13505940062772245,0.758420071110452,1.0,0.0001187838641589332,0.06094789759325848,1.0,0.5501845238095238,0.6178571428571429,0.3355309523809524,0.5117938479739722,0.5428571428571428,0.3021517302573203,0.07658617803038505,0.3387101064821743,0.0,0.21601992845535278,0.017304791137576103,0.61070317029953,0.13182811439037323,1.4514330756088066e-06,1.107273412078418e-06,706246.3064556572,903119.3100924735,-1.8976221912736897
ring_two_n7_d1d25_mind3,ring_two,7,1.25,3.0,8.59029241215959,physical_padded,phase0_default,"0,9,18,27,36",5.267815803792734,1.7066309236968338,1.701047669610228,7-hole ring sparse depth-coded candidate,/home/venti/PARA/Project/XFCT/xfct_maskRecon/data/masks/candidates/ring_two_n7_d1d25_mind3.json,0.0004936179731677607,0.10703420098058669,0.7523441558379723,1.0,0.0005402112976821153,0.024858232844501327,1.0,0.31779761904761905,0.45714285714285713,0.1521630952380952,0.18747412008281572,0.23892857142857135,0.06364980774918663,0.19752943289533167,0.5971048053647101,0.047619047619047616,0.23667076230049133,0.017925966531038284,0.4324462115764618,0.07016550004482269,2.4607619756415203e-06,2.2324964524603993e-06,407802.02597546263,447929.0432456973,-1.0621333343412924
ring_two_n7_d1d25_mind6,ring_two,7,1.25,6.0,8.59029241215959,physical_padded,phase0_default,"0,9,18,27,36",3.407719150482416,1.1340882782736834,1.131425434297468,7-hole ring sparse depth-coded candidate,/home/venti/PARA/Project/XFCT/xfct_maskRecon/data/masks/candidates/ring_two_n7_d1d25_mind6.json,0.0003250077184347789,0.12871585270830907,0.7722088863865557,1.0,0.00032726350340748833,0.0559427007456628,1.0,0.5514464285714286,0.6142857142857143,0.3361142857142857,0.5139677610174505,0.55,0.3047545104998521,0.08642753973035061,0.3643656564254075,0.0,0.18549583852291107,0.015991762280464172,0.6546670794487,0.08072835206985474,2.7387707711714135e-06,2.05746087037936e-06,374429.7678352805,486035.97492263233,-1.797295102442604
ring_two_n9_d0d75_mind3,ring_two,9,0.75,3.0,3.9760782021995817,physical_padded,phase0_default,"0,9,18,27,36",2.254792244199118,0.7670595865357934,0.7637152890369772,9-hole ring sparse depth-coded candidate,/home/venti/PARA/Project/XFCT/xfct_maskRecon/data/masks/candidates/ring_two_n9_d0d75_mind3.json,0.0002115554288962415,0.11921499132650817,0.7211480344952187,1.0,0.0002126061682711648,0.025654496896381353,1.0,0.36693703703703695,0.4888888888888889,0.17910185185185185,0.3122555785599264,0.3416666666666667,0.14911433172302732,0.15219372550565438,0.5586318040945508,0.027777777777777776,0.20375224947929382,0.022199969738721848,0.5479174256324768,0.13868799805641174,1.1938426248639867e-06,1.0192044823278088e-06,843706.8820592224,981157.3804267944,-1.4481809685582245
ring_two_n9_d1d25_mind3,ring_two,9,1.25,3.0,11.044661672776616,physical_padded,phase0_default,"0,9,18,27,36",6.158230296632344,2.0155993143034676,2.0059186813692427,9-hole ring sparse depth-coded candidate,/home/venti/PARA/Project/XFCT/xfct_maskRecon/data/masks/candidates/ring_two_n9_d1d25_mind3.json,0.0005870094928891891,0.11587173619299046,0.7276504041468851,1.0,0.0005971413202124475,0.020560322005472004,1.0,0.3670305555555556,0.4861111111111111,0.17976944444444445,0.3087129054520359,0.3388888888888889,0.14402461467678854,0.1717408992088947,0.5971048053647101,0.027777777777777776,0.21737898886203766,0.019469933584332466,0.4361948072910309,0.07777794450521469,2.2828450471433265e-06,1.9498352149473894e-06,441385.19597577397,512863.8524599537,-1.3249127133160923
single_center_n1_d0d75_mind0,single_center,1,0.75,0.0,0.44178646691106466,physical_padded,phase0_default,"0,9,18,27,36",0.43872602475088435,0.18602752631664993,0.18671283040928519,single center pinhole regression/control,/home/venti/PARA/Project/XFCT/xfct_maskRecon/data/masks/candidates/single_center_n1_d0d75_mind0.json,3.677487643468722e-05,0.08488341757359191,0.5896368628684772,1.0,3.572720811547139e-05,0.025877131799328257,1.0,0.039183333333333334,0.375,8.333333333333334e-06,0.0,0.0,0.0,0.0,0.0,0.0,0.29782748222351074,0.0,0.6669355034828186,0.16305574774742126,7.058669851597998e-07,4.702835414396312e-07,1495321.1942975156,2126376.774613038,-0.11274965774179735
single_center_n1_d1d25_mind0,single_center,1,1.25,0.0,1.227184630308513,physical_padded,phase0_default,"0,9,18,27,36",1.1038492680955287,0.40257969252254117,0.4044331538816008,single center pinhole regression/control,/home/venti/PARA/Project/XFCT/xfct_maskRecon/data/masks/candidates/single_center_n1_d1d25_mind0.json,0.00010200571840017513,0.0831364449416057,0.5866248725569297,1.0,9.924224476519833e-05,0.02587713179932826,1.0,0.04016666666666667,0.375,0.00014166666666666665,0.0,0.0,0.0,0.0,0.0,0.0,0.36340388655662537,0.0021211630664765835,0.6340827345848083,0.11852862685918808,1.4444905394017634e-06,9.02454475697056e-07,737645.0195970907,1108089.1357180092,-0.034052323048903335
sparse_random_n3_d0d75_mind3_s0,sparse_random,3,0.75,3.0,1.325359400733194,physical_padded,phase0_default,"0,9,18,27,36",0.8227099225463039,0.30639660423510556,0.30483067670189107,random sparse 3-hole candidate with minimum spacing,/home/venti/PARA/Project/XFCT/xfct_maskRecon/data/masks/candidates/sparse_random_n3_d0d75_mind3_s0.json,7.196722259840482e-05,0.16894376277815676,0.4822063349355948,1.0,7.95010098434892e-05,0.053396341361174646,1.0,0.31914722222222225,0.48333333333333334,0.15249722222222223,0.20553830227743272,0.275,0.010213940648723257,0.1324371084421375,0.31426030983479025,0.0,0.4242924153804779,0.011611102148890495,0.5581085681915283,0.14563941955566406,9.300809404794266e-07,7.463083446894987e-07,1088507.155053483,1339928.7400652736,-1.0963690514474904
sparse_random_n3_d0d75_mind3_s1,sparse_random,3,0.75,3.0,1.325359400733194,physical_padded,phase0_default,"0,9,18,27,36",0.6684367855235607,0.27723380609070686,0.2780812337955845,random sparse 3-hole candidate with minimum spacing,/home/venti/PARA/Project/XFCT/xfct_maskRecon/data/masks/candidates/sparse_random_n3_d0d75_mind3_s1.json,6.306399384933047e-05,0.3316412671259465,0.39296558981314744,1.0,4.992920349386432e-05,0.0834237927459835,1.0,0.4673333333333333,0.6666666666666666,0.28073611111111113,0.548895790200138,0.6,0.3334195997239475,0.14117555325669198,0.21665342561267914,0.0,0.4983983635902405,0.009326109662652016,0.7253066301345825,0.1537858545780182,8.231277927255772e-07,5.996170276175032e-07,1264635.4275378196,1667731.1582917585,-1.8891823108061792
sparse_random_n3_d0d75_mind6_s0,sparse_random,3,0.75,6.0,1.325359400733194,physical_padded,phase0_default,"0,9,18,27,36",0.7130493732486305,0.2709616570664811,0.2735359982380622,random sparse 3-hole candidate with minimum spacing,/home/venti/PARA/Project/XFCT/xfct_maskRecon/data/masks/candidates/sparse_random_n3_d0d75_mind6_s0.json,6.26530360369419e-05,0.1351902512524406,0.5769073211404564,1.0,6.552471277121146e-05,0.050312421646584615,1.0,0.43788888888888894,0.5833333333333334,0.29636944444444446,0.32091097308488614,0.35833333333333334,0.13426501035196686,0.04510411039055163,0.07551078725153582,0.0,0.234328031539917,0.010134394280612469,0.5916492342948914,0.15298141539096832,1.1598673560928567e-06,7.875758699653102e-07,908048.5647776915,1269718.9415466047,-1.2317403538485046
sparse_random_n3_d0d75_mind6_s1,sparse_random,3,0.75,6.0,1.325359400733194,physical_padded,phase0_default,"0,9,18,27,36",0.6684367855235607,0.27723380609070686,0.2780812337955845,random sparse 3-hole candidate with minimum spacing,/home/venti/PARA/Project/XFCT/xfct_maskRecon/data/masks/candidates/sparse_random_n3_d0d75_mind6_s1.json,6.306399384933047e-05,0.3316412671259465,0.39296558981314744,1.0,4.992920349386432e-05,0.0834237927459835,1.0,0.46722222222222215,0.6666666666666666,0.2799138888888889,0.548895790200138,0.6,0.3334195997239475,0.14117555325669198,0.21665342561267914,0.0,0.2661413252353668,0.007597045041620731,0.7251166701316833,0.1633884310722351,8.231277927255772e-07,5.996170276175032e-07,1264635.4275378196,1667731.1582917585,-1.893850265719954
sparse_random_n3_d1d25_mind3_s0,sparse_random,3,1.25,3.0,3.6815538909255388,physical_padded,phase0_default,"0,9,18,27,36",2.1668193433547227,0.7368043490773588,0.7326241910077941,random sparse 3-hole candidate with minimum spacing,/home/venti/PARA/Project/XFCT/xfct_maskRecon/data/masks/candidates/sparse_random_n3_d1d25_mind3_s0.json,0.00019979903494061533,0.1645789011081661,0.528430421477328,1.0,0.00021716215720125128,0.05113307144155006,1.0,0.3181722222222222,0.48333333333333334,0.15270833333333333,0.2144064872325742,0.2833333333333333,0.028191856452726018,0.15285344480035862,0.3562128852262039,0.0,0.16146618127822876,0.011905415914952755,0.5337159037590027,0.08601418137550354,1.7785570615072497e-06,1.3851756030516965e-06,570903.7904371578,721930.127701418,-1.03392528454349
sparse_random_n3_d1d25_mind3_s1,sparse_random,3,1.25,3.0,3.6815538909255388,physical_padded,phase0_default,"0,9,18,27,36",1.7392445063324597,0.6545044829667963,0.6566609459073562,random sparse 3-hole candidate with minimum spacing,/home/venti/PARA/Project/XFCT/xfct_maskRecon/data/masks/candidates/sparse_random_n3_d1d25_mind3_s1.json,0.00017465235993674986,0.32698963857702107,0.39252394122688017,1.0,0.00013843859337386098,0.07820089713626915,1.0,0.4714972222222223,0.6583333333333333,0.28422222222222226,0.5496031746031745,0.5916666666666667,0.33379917184265,0.15830562195518444,0.24173632719086124,0.0,0.4997946321964264,0.011105071753263474,0.7791767716407776,0.09504975378513336,1.636155896120456e-06,1.1231444353369148e-06,638578.2463475146,890357.4362633292,-1.8108326804471806
sparse_random_n3_d1d25_mind6_s0,sparse_random,3,1.25,6.0,3.6815538909255388,physical_padded,phase0_default,"0,9,18,27,36",1.862080441433776,0.6383288966985973,0.645600823276861,random sparse 3-hole candidate with minimum spacing,/home/venti/PARA/Project/XFCT/xfct_maskRecon/data/masks/candidates/sparse_random_n3_d1d25_mind6_s0.json,0.0001739163893195205,0.12868673499179764,0.5672466916908319,1.0,0.00018074020658021467,0.043151811753509205,1.0,0.43865277777777784,0.575,0.29678611111111114,0.33357487922705314,0.36666666666666664,0.15610766045548652,0.053679780884511065,0.0920338005449063,0.0,0.14635375142097473,0.009098893031477928,0.49864643812179565,0.0912594273686409,2.3185711087373946e-06,1.4923700573834794e-06,456841.38683558034,670075.0896552195,-1.1576871047902513
sparse_random_n3_d1d25_mind6_s1,sparse_random,3,1.25,6.0,3.6815538909255388,physical_padded,phase0_default,"0,9,18,27,36",1.7392445063324597,0.6545044829667963,0.6566609459073562,random sparse 3-hole candidate with minimum spacing,/home/venti/PARA/Project/XFCT/xfct_maskRecon/data/masks/candidates/sparse_random_n3_d1d25_mind6_s1.json,0.00017465235993674986,0.32698963857702107,0.39252394122688017,1.0,0.00013843859337386098,0.07820089713626915,1.0,0.4690861111111111,0.6666666666666666,0.2828611111111111,0.5496031746031745,0.5916666666666667,0.33379917184265,0.15830562195518444,0.24173632719086124,0.0,0.2804374396800995,0.007672383449971676,0.6260809302330017,0.08863749355077744,1.636155896120456e-06,1.1231444353369148e-06,638578.2463475146,890357.4362633292,-1.8047332169966694
sparse_random_n5_d0d75_mind3_s0,sparse_random,5,0.75,3.0,2.2089323345553233,physical_padded,phase0_default,"0,9,18,27,36",1.1084502587398677,0.39492339659447145,0.39782714103096095,random sparse 5-hole candidate with minimum spacing,/home/venti/PARA/Project/XFCT/xfct_maskRecon/data/masks/candidates/sparse_random_n5_d0d75_mind3_s0.json,9.928803033431254e-05,0.16236677001569214,0.5673044934927426,1.0,0.00010758667630469119,0.04870718409814243,1.0,0.43833333333333335,0.54,0.13253666666666666,0.36366459627329195,0.4,0.0052173913043478265,0.13072844586412424,0.28711951965796134,0.0,0.2781723439693451,0.015438561327755451,0.5395483374595642,0.1377863734960556,1.094122424122063e-06,8.508122866532893e-07,927823.0846321478,1175347.3894148234,-1.4698788370853533
sparse_random_n5_d0d75_mind3_s1,sparse_random,5,0.75,3.0,2.2089323345553233,physical_padded,phase0_default,"0,9,18,27,36",1.2533154684838939,0.4451357328319415,0.444336250752457,random sparse 5-hole candidate with minimum spacing,/home/venti/PARA/Project/XFCT/xfct_maskRecon/data/masks/candidates/sparse_random_n5_d0d75_mind3_s1.json,0.00011342410837488116,0.17881187673976554,0.5400593335492575,1.0,0.00011945402841247242,0.05274785275927723,1.0,0.40019,0.56,0.09429666666666667,0.3294099378881988,0.37,0.00010351966873706004,0.15924354113369332,0.35402933769861206,0.0,0.3262500762939453,0.015802694484591484,0.5412966012954712,0.14783181250095367,1.0100510230523547e-06,8.024916259635571e-07,1010055.5347376136,1246118.922174787,-1.4248926926769805
sparse_random_n5_d0d75_mind6_s0,sparse_random,5,0.75,6.0,2.2089323345553233,physical_padded,phase0_default,"0,9,18,27,36",1.205296340406711,0.41660686530290214,0.42143206330454425,random sparse 5-hole candidate with minimum spacing,/home/venti/PARA/Project/XFCT/xfct_maskRecon/data/masks/candidates/sparse_random_n5_d0d75_mind6_s0.json,0.0001067423439011163,0.14811416183705506,0.691828059425219,1.0,0.00012156040903473163,0.03136140971436264,1.0,0.4176983333333333,0.55,0.196125,0.27760869565217394,0.3344999999999999,0.03566252587991719,0.08034288852489554,0.28711951965796134,0.0,0.22608548402786255,0.015321323648095131,0.4986096918582916,0.1376248300075531,1.5506251306771289e-06,1.1451800544554974e-06,661807.6046926037,873225.128318772,-1.272339250097285
sparse_random_n5_d0d75_mind6_s1,sparse_random,5,0.75,6.0,2.2089323345553233,physical_padded,phase0_default,"0,9,18,27,36",0.9202029329396273,0.3545424386931655,0.3574928791313468,random sparse 5-hole candidate with minimum spacing,/home/venti/PARA/Project/XFCT/xfct_maskRecon/data/masks/candidates/sparse_random_n5_d0d75_mind6_s1.json,8.812985008451371e-05,0.17576022354672932,0.3668778423306016,1.0,6.899158301037062e-05,0.08818166322487629,1.0,0.5236933333333333,0.645,0.28947833333333334,0.5870082815734989,0.63,0.34650103519668735,0.08192689879697876,0.23634446021857478,0.0,0.21935223042964935,0.01290224026888609,0.5581203103065491,0.14284834265708923,8.463356600297795e-07,6.326432017341382e-07,1234968.3784036646,1580669.7950106792,-1.9636952751882444
sparse_random_n5_d1d25_mind3_s0,sparse_random,5,1.25,3.0,6.135923151542564,physical_padded,phase0_default,"0,9,18,27,36",2.963327273535442,0.9826048458717175,0.9907706851818241,random sparse 5-hole candidate with minimum spacing,/home/venti/PARA/Project/XFCT/xfct_maskRecon/data/masks/candidates/sparse_random_n5_d1d25_mind3_s0.json,0.0002756282468213293,0.15876287317161974,0.5534242497881902,1.0,0.0002993291205115391,0.04064448909650976,1.0,0.43937166666666666,0.54,0.13461166666666669,0.36290890269151144,0.4,0.005714285714285716,0.15258748540683317,0.3404142166388544,0.0,0.32451626658439636,0.015717286616563797,0.5171154141426086,0.07939942926168442,2.1190117396865218e-06,1.6251470829941378e-06,479868.9092157092,615328.9203569319,-1.3897824082746186
sparse_random_n5_d1d25_mind3_s1,sparse_random,5,1.25,3.0,6.135923151542564,physical_padded,phase0_default,"0,9,18,27,36",3.3632236818550743,1.1204634623952228,1.1186372493344283,random sparse 5-hole candidate with minimum spacing,/home/venti/PARA/Project/XFCT/xfct_maskRecon/data/masks/candidates/sparse_random_n5_d1d25_mind3_s1.json,0.0003145666349844061,0.1762950316438762,0.5474854022840753,1.0,0.00033166956742498334,0.04732402714364687,1.0,0.4010633333333333,0.555,0.09387333333333334,0.32968944099378883,0.365,0.00039337474120082814,0.18625915421157596,0.40691198171304954,0.0,0.19766873121261597,0.015169541351497173,0.5339492559432983,0.07628854364156723,1.9377112824852226e-06,1.5389618151841146e-06,525713.1949794112,649788.7017946345,-1.3363651079082248
sparse_random_n5_d1d25_mind6_s0,sparse_random,5,1.25,6.0,6.135923151542564,physical_padded,phase0_default,"0,9,18,27,36",3.220541111871797,1.0430993579098882,1.055839861871844,random sparse 5-hole candidate with minimum spacing,/home/venti/PARA/Project/XFCT/xfct_maskRecon/data/masks/candidates/sparse_random_n5_d1d25_mind6_s0.json,0.00029622377730605245,0.1426811994207259,0.7030168108630577,1.0,0.0003340629544089624,0.025108073459092026,1.0,0.4160533333333334,0.545,0.19454833333333332,0.2850828157349896,0.33,0.04458592132505177,0.09516140879700999,0.3404142166388544,0.0,0.12200736999511719,0.014887374825775623,0.47312840819358826,0.07850965857505798,2.929900685611754e-06,2.135393284914951e-06,350936.9576553129,468297.81055522437,-1.2007695063885577
sparse_random_n5_d1d25_mind6_s1,sparse_random,5,1.25,6.0,6.135923151542564,physical_padded,phase0_default,"0,9,18,27,36",2.451676081926239,0.8699955955768395,0.878702492380175,random sparse 5-hole candidate with minimum spacing,/home/venti/PARA/Project/XFCT/xfct_maskRecon/data/masks/candidates/sparse_random_n5_d1d25_mind6_s1.json,0.0002446098789376664,0.1681213714552018,0.37733051611096635,1.0,0.0001952247681734247,0.07135075635799788,1.0,0.5251100000000001,0.64,0.2923616666666667,0.5803623188405798,0.615,0.3390062111801242,0.09385083050912443,0.2791936893849737,0.0,0.20008328557014465,0.013105979189276695,0.4465164840221405,0.09698060899972916,1.7220718936730261e-06,1.2614066633682737e-06,605682.0953267388,792765.7503645557,-1.8725333314357868
sparse_random_n7_d0d75_mind3_s0,sparse_random,7,0.75,3.0,3.0925052683774528,physical_padded,phase0_default,"0,9,18,27,36",1.5146900164874326,0.519645917390944,0.5226470448654544,random sparse 7-hole candidate with minimum spacing,/home/venti/PARA/Project/XFCT/xfct_maskRecon/data/masks/candidates/sparse_random_n7_d0d75_mind3_s0.json,0.00013527639511414828,0.22398283051776618,0.47105484964162253,1.0,0.0001578014375668044,0.05104277019903275,1.0,0.4747523809523809,0.6428571428571429,0.27228452380952384,0.32801685891748006,0.3821428571428571,0.0734028393966282,0.1067428417908691,0.419267324303794,0.0,0.22167544066905975,0.018649300560355186,0.5957735180854797,0.1385994404554367,1.4122732050308965e-06,1.1634657609935254e-06,716713.891207328,859501.0128583964,-1.5647086319630887
sparse_random_n7_d0d75_mind3_s1,sparse_random,7,0.75,3.0,3.0925052683774528,physical_padded,phase0_default,"0,9,18,27,36",1.5776292130962846,0.5685741225899041,0.5675311177515947,random sparse 7-hole candidate with minimum spacing,/home/venti/PARA/Project/XFCT/xfct_maskRecon/data/masks/candidates/sparse_random_n7_d0d75_mind3_s1.json,0.00015250099364977763,0.11275313712827933,0.7326890075223931,1.0,0.00013411151992143844,0.036761000887261704,1.0,0.4280130952380953,0.5428571428571428,0.2298535714285714,0.472212363206152,0.5142857142857142,0.28548506359065356,0.1274231922958054,0.3353765998524223,0.0,0.23099440336227417,0.017504533752799034,0.526515781879425,0.13463042676448822,9.583638872747764e-07,8.163764984085496e-07,1051964.668510662,1224925.0216651354,-1.6430506012245292
sparse_random_n7_d0d75_mind6_s0,sparse_random,7,0.75,6.0,3.0925052683774528,physical_padded,phase0_default,"0,9,18,27,36",1.2261664675992014,0.4353260995855399,0.44629076671761986,random sparse 7-hole candidate with minimum spacing,/home/venti/PARA/Project/XFCT/xfct_maskRecon/data/masks/candidates/sparse_random_n7_d0d75_mind6_s0.json,0.00011369305160233713,0.15318812433727846,0.5756732096792048,1.0,0.00011356569854714525,0.05316769024136411,1.0,0.5616190476190477,0.6357142857142857,0.30101190476190476,0.4947057083703046,0.5357142857142857,0.19214729370008873,0.06267066622091735,0.29595902617014125,0.0,0.43819016218185425,0.01874900981783867,0.501081109046936,0.15617643296718597,1.5188704197779599e-06,1.1953080392355858e-06,676748.7589854343,836604.4292980011,-1.8610453334775932
sparse_random_n7_d1d25_mind3_s0,sparse_random,7,1.25,3.0,8.59029241215959,physical_padded,phase0_default,"0,9,18,27,36",4.080785063586052,1.3277550603028476,1.3360372236405045,random sparse 7-hole candidate with minimum spacing,/home/venti/PARA/Project/XFCT/xfct_maskRecon/data/masks/candidates/sparse_random_n7_d1d25_mind3_s0.json,0.00037524168142892604,0.2203398726262972,0.4272527113470242,1.0,0.0004373757265170818,0.04928013846433682,1.0,0.4753773809523809,0.6428571428571429,0.27451666666666663,0.33231292517006805,0.37857142857142856,0.08333333333333333,0.12472811714437854,0.5014998998812191,0.047619047619047616,0.1302158385515213,0.017246244475245476,0.4917480945587158,0.07884824275970459,2.6135439451361924e-06,2.1247551085585646e-06,387089.97579647746,470642.47355941206,-1.5099346756041767
sparse_random_n7_d1d25_mind3_s1,sparse_random,7,1.25,3.0,8.59029241215959,physical_padded,phase0_default,"0,9,18,27,36",4.269280184763149,1.4635437961917224,1.4605210744004071,random sparse 7-hole candidate with minimum spacing,/home/venti/PARA/Project/XFCT/xfct_maskRecon/data/masks/candidates/sparse_random_n7_d1d25_mind3_s1.json,0.0004228833463534405,0.10817557820657275,0.7422358303809395,1.0,0.0003745534919199285,0.030037225938346603,1.0,0.43054642857142855,0.5392857142857143,0.23136428571428572,0.4665779355220349,0.5071428571428571,0.27960662525879915,0.14358216903231788,0.37673961124886596,0.0,0.18264652788639069,0.01626730151474476,0.4803326427936554,0.07317113876342773,1.8633768528163559e-06,1.560933067309914e-06,541168.6435172252,640642.45991238,-1.5312357709227398
sparse_random_n7_d1d25_mind6_s0,sparse_random,7,1.25,6.0,8.59029241215959,physical_padded,phase0_default,"0,9,18,27,36",3.2850303834478307,1.0947344187034553,1.1254908417423062,random sparse 7-hole candidate with minimum spacing,/home/venti/PARA/Project/XFCT/xfct_maskRecon/data/masks/candidates/sparse_random_n7_d1d25_mind6_s0.json,0.00031560525716377454,0.1497739330787109,0.6164733278548715,1.0,0.00031507355471430473,0.048475445048724114,1.0,0.5630047619047618,0.6357142857142857,0.3019904761904762,0.495556048506359,0.5353571428571428,0.19459479443951497,0.07162022422098716,0.3203120365649461,0.0,0.14387764036655426,0.01652739755809307,0.4818316698074341,0.08828511834144592,2.98545521511289e-06,2.2701426609837913e-06,343899.5407898944,440500.95052909094,-1.7511451441685475
sparse_random_n9_d0d75_mind3_s0,sparse_random,9,0.75,3.0,3.9760782021995817,physical_padded,phase0_default,"0,9,18,27,36",1.8868683796554602,0.6394352318674033,0.6450850787571513,random sparse 9-hole candidate with minimum spacing,/home/venti/PARA/Project/XFCT/xfct_maskRecon/data/masks/candidates/sparse_random_n9_d0d75_mind3_s0.json,0.0001747760531843895,0.12561246545576063,0.7177006922679421,1.0,0.00018309631781440746,0.023411464907966164,1.0,0.5012148148148148,0.5888888888888889,0.3004990740740741,0.3906257188865884,0.4222222222222222,0.15481941568898086,0.127140249366832,0.580281213141343,0.027777777777777776,0.21797214448451996,0.020020686089992523,0.5071157217025757,0.15809157490730286,1.329870943373425e-06,1.1878702150347632e-06,759819.023374963,841842.8102187365,-1.7990141504701853
sparse_random_n9_d0d75_mind3_s1,sparse_random,9,0.75,3.0,3.9760782021995817,physical_padded,phase0_default,"0,9,18,27,36",1.9088438205938003,0.6616454211005125,0.6676880517438544,random sparse 9-hole candidate with minimum spacing,/home/venti/PARA/Project/XFCT/xfct_maskRecon/data/masks/candidates/sparse_random_n9_d0d75_mind3_s1.json,0.0001810834209139418,0.11451775343293047,0.7403604855803816,1.0,0.0001726453149956454,0.050227606577628564,1.0,0.458262037037037,0.5472222222222223,0.22538333333333335,0.45421555095468136,0.4888888888888889,0.22226247987117562,0.12266192877785478,0.48974695579412264,0.0,0.2396213561296463,0.019866226240992546,0.502010703086853,0.11616015434265137,1.0840167003565044e-06,9.263653809011608e-07,936642.9718006095,1079487.662877911,-1.763851212078017
sparse_random_n9_d1d25_mind3_s0,sparse_random,9,1.25,3.0,11.044661672776616,physical_padded,phase0_default,"0,9,18,27,36",5.107062204725723,1.6600608679670517,1.6758620436445173,random sparse 9-hole candidate with minimum spacing,/home/venti/PARA/Project/XFCT/xfct_maskRecon/data/masks/candidates/sparse_random_n9_d1d25_mind3_s0.json,0.0004846888356767668,0.12199288625325026,0.7322498190507867,1.0,0.0005085201732364714,0.017466681232677927,1.0,0.5017175925925926,0.5888888888888889,0.3008138888888889,0.39662410858063035,0.4222222222222222,0.16485507246376813,0.1448829080035619,0.638204451947323,0.05555555555555555,0.2683563232421875,0.018719570711255074,0.45289555191993713,0.07716846466064453,2.609690268220106e-06,2.260157028154019e-06,387322.85878872854,442447.13422268233,-1.7063441085728939
sparse_random_n9_d1d25_mind3_s1,sparse_random,9,1.25,3.0,11.044661672776616,physical_padded,phase0_default,"0,9,18,27,36",5.1851099858614,1.7226420728528415,1.7381315278629188,random sparse 9-hole candidate with minimum spacing,/home/venti/PARA/Project/XFCT/xfct_maskRecon/data/masks/candidates/sparse_random_n9_d1d25_mind3_s1.json,0.0005022728464664969,0.11035862361279972,0.768911422205524,1.0,0.0004803938227453237,0.04710393275380301,1.0,0.46051481481481477,0.5527777777777778,0.22572407407407408,0.45212215320910965,0.48055555555555557,0.2200770646422821,0.1388301873978526,0.5439021485660444,0.05555555555555555,0.20075556635856628,0.019019996747374535,0.4737231731414795,0.07675686478614807,2.1644786580244353e-06,1.8124099484489835e-06,470376.21456309187,551751.5509423107,-1.6761160316540822
ura_mura_inspired_n3_d0d75_mind3,ura_mura_inspired,3,0.75,3.0,1.325359400733194,physical_padded,phase0_default,"0,9,18,27,36",1.0720461638134873,0.387633745973214,0.38640292423512,URA/MURA-inspired sparse-center diagnostic baseline; no fixed-shift decoding,/home/venti/PARA/Project/XFCT/xfct_maskRecon/data/masks/candidates/ura_mura_inspired_n3_d0d75_mind3.json,9.783250503575027e-05,0.10919050341660493,0.7648616212284542,1.0,9.85980824055149e-05,0.042579980793839074,1.0,0.14976666666666666,0.3333333333333333,2.5000000000000005e-05,0.07272256728778467,0.15,0.0,0.49156526844521214,0.5836228035282938,0.6666666666666666,0.43179088830947876,0.016762148588895798,0.6174976825714111,0.17381975054740906,7.395140998283751e-07,6.465239135480757e-07,1366562.7718804977,1546733.1974034393,-0.8666294589297391
ura_mura_inspired_n3_d0d75_mind6,ura_mura_inspired,3,0.75,6.0,1.325359400733194,physical_padded,phase0_default,"0,9,18,27,36",0.8391711300123196,0.3152890663066907,0.319751817652795,URA/MURA-inspired sparse-center diagnostic baseline; no fixed-shift decoding,/home/venti/PARA/Project/XFCT/xfct_maskRecon/data/masks/candidates/ura_mura_inspired_n3_d0d75_mind6.json,7.656328698856536e-05,0.13348535613229714,0.7396868947752755,1.0,7.23256062300864e-05,0.054646321630354766,1.0,0.32785555555555557,0.4583333333333333,0.014036111111111112,0.3174948240165631,0.375,0.0,0.27264523620708214,0.46571890901841456,0.0,0.21572181582450867,0.015250575728714466,0.5267336368560791,0.16771811246871948,7.405846393471353e-07,6.463034587819079e-07,1368483.2883707923,1547260.7896679158,-1.442371521283755
ura_mura_inspired_n3_d1d25_mind3,ura_mura_inspired,3,1.25,3.0,3.6815538909255388,physical_padded,phase0_default,"0,9,18,27,36",2.861361627443604,0.9625382638550298,0.9588999689462785,URA/MURA-inspired sparse-center diagnostic baseline; no fixed-shift decoding,/home/venti/PARA/Project/XFCT/xfct_maskRecon/data/masks/candidates/ura_mura_inspired_n3_d1d25_mind3.json,0.00027150996090493013,0.10699107323092463,0.7694607926747162,1.0,0.0002736018162663231,0.03655987665667188,1.0,0.14429166666666668,0.3333333333333333,4.9999999999999996e-05,0.07394755003450657,0.15,0.0,0.5260020198129111,0.62315632151373,0.6666666666666666,0.24674004316329956,0.018265441060066223,0.5167801380157471,0.11038322746753693,1.3906012313689138e-06,1.194291761654259e-06,725890.6110565696,837316.3343393258,-0.7698763538439795
ura_mura_inspired_n3_d1d25_mind6,ura_mura_inspired,3,1.25,6.0,3.6815538909255388,physical_padded,phase0_default,"0,9,18,27,36",2.2156126945055687,0.7616251669418419,0.7739747380201886,URA/MURA-inspired sparse-center diagnostic baseline; no fixed-shift decoding,/home/venti/PARA/Project/XFCT/xfct_maskRecon/data/masks/candidates/ura_mura_inspired_n3_d1d25_mind6.json,0.00021246713332438805,0.12997739133553254,0.7266393772197369,1.0,0.00020096488417928562,0.049136250777607776,1.0,0.3306527777777778,0.4583333333333333,0.015108333333333331,0.31727053140096606,0.36666666666666664,0.0,0.29263821737734014,0.49740258458777953,0.0,0.20207010209560394,0.013575824908912182,0.5218622088432312,0.12256614863872528,1.4092427219347736e-06,1.2037933197239343e-06,718186.5971308004,830707.3844115781,-1.3643013688135963
ura_mura_inspired_n5_d0d75_mind3,ura_mura_inspired,5,0.75,3.0,2.2089323345553233,physical_padded,phase0_default,"0,9,18,27,36",1.4031222805941221,0.49172732430150634,0.4883918216429505,URA/MURA-inspired sparse-center diagnostic baseline; no fixed-shift decoding,/home/venti/PARA/Project/XFCT/xfct_maskRecon/data/masks/candidates/ura_mura_inspired_n5_d0d75_mind3.json,0.00012902857220440042,0.12378345112986934,0.7114761192514802,1.0,0.0001328622036256387,0.08104442923488195,1.0,0.31289833333333333,0.45,0.18644499999999997,0.19173913043478263,0.28949999999999987,0.11719461697722568,0.18849188547390539,0.5836228035282938,0.2,0.22976787388324738,0.020420940592885017,0.5284169316291809,0.15186196565628052,1.2095549838005447e-06,1.0349141666688303e-06,842949.7970279392,966263.7078578104,-1.2619731630447886
ura_mura_inspired_n5_d1d25_mind3,ura_mura_inspired,5,1.25,3.0,6.135923151542564,physical_padded,phase0_default,"0,9,18,27,36",3.7752876616159883,1.2515072219890802,1.2420675145573625,URA/MURA-inspired sparse-center diagnostic baseline; no fixed-shift decoding,/home/venti/PARA/Project/XFCT/xfct_maskRecon/data/masks/candidates/ura_mura_inspired_n5_d1d25_mind3.json,0.0003581002757023903,0.1199014404198597,0.7173645937257449,1.0,0.0003692168688450611,0.06430377093538359,1.0,0.31627999999999995,0.455,0.18685999999999997,0.2021014492753623,0.285,0.12900621118012423,0.20596690348384267,0.62315632151373,0.2,0.18654067814350128,0.01679551787674427,0.48385217785835266,0.10093417018651962,2.300956804449237e-06,1.9031245956686573e-06,441866.6517188592,525451.6715699598,-1.184577773863171
ura_mura_inspired_n7_d0d75_mind3,ura_mura_inspired,7,0.75,3.0,3.0925052683774528,physical_padded,phase0_default,"0,9,18,27,36",1.614122494494453,0.5599541617856991,0.5555165984176513,URA/MURA-inspired sparse-center diagnostic baseline; no fixed-shift decoding,/home/venti/PARA/Project/XFCT/xfct_maskRecon/data/masks/candidates/ura_mura_inspired_n7_d0d75_mind3.json,0.00014949979648437795,0.12526936076740888,0.7148311807613242,1.0,0.00015362748992417294,0.08285607219946159,1.0,0.4276071428571429,0.5321428571428571,0.26966547619047615,0.31316178645371195,0.38571428571428573,0.16742088139603667,0.1638419561575225,0.6296792971170053,0.19047619047619047,0.18116843700408936,0.023258130997419357,0.4148823618888855,0.16210447251796722,1.1495132974193038e-06,1.0179443146025302e-06,878995.8480661381,982372.0076382206,-1.6532868714788511
ura_mura_inspired_n7_d1d25_mind3,ura_mura_inspired,7,1.25,3.0,8.59029241215959,physical_padded,phase0_default,"0,9,18,27,36",4.357304215847522,1.4408508612573976,1.4285336902504557,URA/MURA-inspired sparse-center diagnostic baseline; no fixed-shift decoding,/home/venti/PARA/Project/XFCT/xfct_maskRecon/data/masks/candidates/ura_mura_inspired_n7_d1d25_mind3.json,0.0004149068850165991,0.12072902119180635,0.7222727745981034,1.0,0.00042634179382632347,0.06531004001811862,1.0,0.42902499999999993,0.5357142857142857,0.26964285714285713,0.325147885241053,0.38571428571428573,0.18429458740017748,0.17958742888898602,0.6856038449874555,0.19047619047619047,0.1504218578338623,0.02194276452064514,0.37625497579574585,0.09629898518323898,2.159529655129582e-06,1.8845057959194116e-06,467354.2603173022,530643.101318837,-1.5786315228465277
