candidate_id,family,hole_count,hole_diameter_mm,min_distance_mm,actual_min_distance_mm,mask_radius_mm,total_open_area_mm2,hole_centers_mm,comments,json_path
blue_noise_n3_d0d75_mind3_s0,blue_noise,3,0.75,3.0,8.64384197953458,9.0,1.325359400733194,"[[0.0, 0.0], [-2.814366183608737, -8.172842048622002], [7.215752991055118, 4.979088337026268]]",blue-noise sparse 3-hole candidate,/Users/huahai/PARA/Project/XFCT/xfct_maskRecon/data/masks/candidates/blue_noise_n3_d0d75_mind3_s0.json
blue_noise_n3_d0d75_mind3_s1,blue_noise,3,0.75,3.0,8.269882633969004,9.0,1.325359400733194,"[[0.0, 0.0], [-5.8590605006536185, -5.836297527482872], [6.6900471190752375, 5.65657201202385]]",blue-noise sparse 3-hole candidate,/Users/huahai/PARA/Project/XFCT/xfct_maskRecon/data/masks/candidates/blue_noise_n3_d0d75_mind3_s1.json
blue_noise_n3_d0d75_mind6_s0,blue_noise,3,0.75,6.0,8.814968587715864,9.0,1.325359400733194,"[[0.0, 0.0], [8.625801155936584, 1.816377059054783], [-8.986709585312768, -0.26902056871186164]]",blue-noise sparse 3-hole candidate,/Users/huahai/PARA/Project/XFCT/xfct_maskRecon/data/masks/candidates/blue_noise_n3_d0d75_mind6_s0.json
blue_noise_n3_d0d75_mind6_s1,blue_noise,3,0.75,6.0,8.752644278790305,9.0,1.325359400733194,"[[0.0, 0.0], [-5.0542507821582525, 7.145861102910787], [-5.134029963729662, -7.194124092359601]]",blue-noise sparse 3-hole candidate,/Users/huahai/PARA/Project/XFCT/xfct_maskRecon/data/masks/candidates/blue_noise_n3_d0d75_mind6_s1.json
blue_noise_n3_d1d25_mind3_s0,blue_noise,3,1.25,3.0,8.64384197953458,9.0,3.6815538909255388,"[[0.0, 0.0], [-2.814366183608737, -8.172842048622002], [7.215752991055118, 4.979088337026268]]",blue-noise sparse 3-hole candidate,/Users/huahai/PARA/Project/XFCT/xfct_maskRecon/data/masks/candidates/blue_noise_n3_d1d25_mind3_s0.json
blue_noise_n3_d1d25_mind3_s1,blue_noise,3,1.25,3.0,8.269882633969004,9.0,3.6815538909255388,"[[0.0, 0.0], [-5.8590605006536185, -5.836297527482872], [6.6900471190752375, 5.65657201202385]]",blue-noise sparse 3-hole candidate,/Users/huahai/PARA/Project/XFCT/xfct_maskRecon/data/masks/candidates/blue_noise_n3_d1d25_mind3_s1.json
blue_noise_n3_d1d25_mind6_s0,blue_noise,3,1.25,6.0,8.814968587715864,9.0,3.6815538909255388,"[[0.0, 0.0], [8.625801155936584, 1.816377059054783], [-8.986709585312768, -0.26902056871186164]]",blue-noise sparse 3-hole candidate,/Users/huahai/PARA/Project/XFCT/xfct_maskRecon/data/masks/candidates/blue_noise_n3_d1d25_mind6_s0.json
blue_noise_n3_d1d25_mind6_s1,blue_noise,3,1.25,6.0,8.752644278790305,9.0,3.6815538909255388,"[[0.0, 0.0], [-5.0542507821582525, 7.145861102910787], [-5.134029963729662, -7.194124092359601]]",blue-noise sparse 3-hole candidate,/Users/huahai/PARA/Project/XFCT/xfct_maskRecon/data/masks/candidates/blue_noise_n3_d1d25_mind6_s1.json
blue_noise_n5_d0d75_mind3_s0,blue_noise,5,0.75,3.0,7.153815419947682,9.0,2.2089323345553233,"[[0.0, 0.0], [-7.686527324389673, -3.9521036880355376], [4.594769562168582, -6.5762160062835715], [7.152188533934813, 0.15255896477303985], [4.376055089816319, 7.318237208555327]]",blue-noise sparse 5-hole candidate,/Users/huahai/PARA/Project/XFCT/xfct_maskRecon/data/masks/candidates/blue_noise_n5_d0d75_mind3_s0.json
blue_noise_n5_d0d75_mind3_s1,blue_noise,5,0.75,3.0,7.478939467585902,9.0,2.2089323345553233,"[[0.0, 0.0], [8.485087055401928, 2.171834406261249], [5.6066495791349125, -6.6094975468829], [-1.8349901008909755, -7.355509900988572], [-5.868962778662724, 6.259901509191029]]",blue-noise sparse 5-hole candidate,/Users/huahai/PARA/Project/XFCT/xfct_maskRecon/data/masks/candidates/blue_noise_n5_d0d75_mind3_s1.json
blue_noise_n5_d0d75_mind6_s0,blue_noise,5,0.75,6.0,8.024908839692042,9.0,2.2089323345553233,"[[0.0, 0.0], [2.424293385075027, 8.472013350317672], [-2.43924613298889, -7.645210277557199], [-6.933084420257752, 4.2627928811593145], [7.22755965262251, -3.717724557622534]]",blue-noise sparse 5-hole candidate,/Users/huahai/PARA/Project/XFCT/xfct_maskRecon/data/masks/candidates/blue_noise_n5_d0d75_mind6_s0.json
blue_noise_n5_d0d75_mind6_s1,blue_noise,5,0.75,6.0,7.739973406771827,9.0,2.2089323345553233,"[[0.0, 0.0], [-0.8215756984987244, -8.771340368108532], [7.4317721488644315, 4.470749954810533], [-5.546290843891847, 6.761702984118758], [-8.278466292437056, -0.48000991103953244]]",blue-noise sparse 5-hole candidate,/Users/huahai/PARA/Project/XFCT/xfct_maskRecon/data/masks/candidates/blue_noise_n5_d0d75_mind6_s1.json
blue_noise_n5_d1d25_mind3_s0,blue_noise,5,1.25,3.0,7.153815419947682,9.0,6.135923151542564,"[[0.0, 0.0], [-7.686527324389673, -3.9521036880355376], [4.594769562168582, -6.5762160062835715], [7.152188533934813, 0.15255896477303985], [4.376055089816319, 7.318237208555327]]",blue-noise sparse 5-hole candidate,/Users/huahai/PARA/Project/XFCT/xfct_maskRecon/data/masks/candidates/blue_noise_n5_d1d25_mind3_s0.json
blue_noise_n5_d1d25_mind3_s1,blue_noise,5,1.25,3.0,7.478939467585902,9.0,6.135923151542564,"[[0.0, 0.0], [8.485087055401928, 2.171834406261249], [5.6066495791349125, -6.6094975468829], [-1.8349901008909755, -7.355509900988572], [-5.868962778662724, 6.259901509191029]]",blue-noise sparse 5-hole candidate,/Users/huahai/PARA/Project/XFCT/xfct_maskRecon/data/masks/candidates/blue_noise_n5_d1d25_mind3_s1.json
blue_noise_n5_d1d25_mind6_s0,blue_noise,5,1.25,6.0,8.024908839692042,9.0,6.135923151542564,"[[0.0, 0.0], [2.424293385075027, 8.472013350317672], [-2.43924613298889, -7.645210277557199], [-6.933084420257752, 4.2627928811593145], [7.22755965262251, -3.717724557622534]]",blue-noise sparse 5-hole candidate,/Users/huahai/PARA/Project/XFCT/xfct_maskRecon/data/masks/candidates/blue_noise_n5_d1d25_mind6_s0.json
blue_noise_n5_d1d25_mind6_s1,blue_noise,5,1.25,6.0,7.739973406771827,9.0,6.135923151542564,"[[0.0, 0.0], [-0.8215756984987244, -8.771340368108532], [7.4317721488644315, 4.470749954810533], [-5.546290843891847, 6.761702984118758], [-8.278466292437056, -0.48000991103953244]]",blue-noise sparse 5-hole candidate,/Users/huahai/PARA/Project/XFCT/xfct_maskRecon/data/masks/candidates/blue_noise_n5_d1d25_mind6_s1.json
blue_noise_n7_d0d75_mind3_s0,blue_noise,7,0.75,3.0,5.09774176679618,9.0,3.0925052683774528,"[[0.0, 0.0], [7.584638339253955, -2.6229345442196603], [1.8930203767830345, -7.082913696684153], [-5.0622355929294995, -6.564696133676754], [-6.499080915693372, 2.3797062187744857], [5.836579704290475, 4.194945834834702], [-4.898067337432205, 7.219512686306181]]",blue-noise sparse 7-hole candidate,/Users/huahai/PARA/Project/XFCT/xfct_maskRecon/data/masks/candidates/blue_noise_n7_d0d75_mind3_s0.json
blue_noise_n7_d0d75_mind3_s1,blue_noise,7,0.75,3.0,4.359774806271148,9.0,3.0925052683774528,"[[0.0, 0.0], [4.03347537142557, -7.907259401876844], [-8.57127469811885, 0.2952930092138231], [-1.0146281773707893, -6.374669628445808], [-4.924067540155167, -2.242866897676326], [-1.0663436098395254, 8.611379166492359], [-2.262427383329033, 3.7268027445197003]]",blue-noise sparse 7-hole candidate,/Users/huahai/PARA/Project/XFCT/xfct_maskRecon/data/masks/candidates/blue_noise_n7_d0d75_mind3_s1.json
blue_noise_n7_d0d75_mind6_s0,blue_noise,7,0.75,6.0,6.824875797413981,9.0,3.0925052683774528,"[[0.0, 0.0], [3.666358684908649, -7.4409247190813295], [7.922518278163539, -1.3109251439134453], [-6.935050860534166, 4.5158524399244735], [0.9095324203367562, 8.878515923175728], [-7.197217367281083, -4.313189416837567], [6.846740646943407, 5.5127339747956166]]",blue-noise sparse 7-hole candidate,/Users/huahai/PARA/Project/XFCT/xfct_maskRecon/data/masks/candidates/blue_noise_n7_d0d75_mind6_s0.json
blue_noise_n7_d0d75_mind6_s1,blue_noise,7,0.75,6.0,6.930455669253792,9.0,3.0925052683774528,"[[0.0, 0.0], [-4.7590059894296495, -6.424732126639338], [6.881612835017413, 1.2088928609876373], [4.010960403020774, -7.256326950994679], [2.0162950843382856, 6.63066888906129], [-5.570173468532178, 6.70653832972833], [-8.170658834874692, 0.08699795288325009]]",blue-noise sparse 7-hole candidate,/Users/huahai/PARA/Project/XFCT/xfct_maskRecon/data/masks/candidates/blue_noise_n7_d0d75_mind6_s1.json
blue_noise_n7_d1d25_mind3_s0,blue_noise,7,1.25,3.0,5.09774176679618,9.0,8.59029241215959,"[[0.0, 0.0], [7.584638339253955, -2.6229345442196603], [1.8930203767830345, -7.082913696684153], [-5.0622355929294995, -6.564696133676754], [-6.499080915693372, 2.3797062187744857], [5.836579704290475, 4.194945834834702], [-4.898067337432205, 7.219512686306181]]",blue-noise sparse 7-hole candidate,/Users/huahai/PARA/Project/XFCT/xfct_maskRecon/data/masks/candidates/blue_noise_n7_d1d25_mind3_s0.json
blue_noise_n7_d1d25_mind3_s1,blue_noise,7,1.25,3.0,4.359774806271148,9.0,8.59029241215959,"[[0.0, 0.0], [4.03347537142557, -7.907259401876844], [-8.57127469811885, 0.2952930092138231], [-1.0146281773707893, -6.374669628445808], [-4.924067540155167, -2.242866897676326], [-1.0663436098395254, 8.611379166492359], [-2.262427383329033, 3.7268027445197003]]",blue-noise sparse 7-hole candidate,/Users/huahai/PARA/Project/XFCT/xfct_maskRecon/data/masks/candidates/blue_noise_n7_d1d25_mind3_s1.json
blue_noise_n7_d1d25_mind6_s0,blue_noise,7,1.25,6.0,6.824875797413981,9.0,8.59029241215959,"[[0.0, 0.0], [3.666358684908649, -7.4409247190813295], [7.922518278163539, -1.3109251439134453], [-6.935050860534166, 4.5158524399244735], [0.9095324203367562, 8.878515923175728], [-7.197217367281083, -4.313189416837567], [6.846740646943407, 5.5127339747956166]]",blue-noise sparse 7-hole candidate,/Users/huahai/PARA/Project/XFCT/xfct_maskRecon/data/masks/candidates/blue_noise_n7_d1d25_mind6_s0.json
blue_noise_n7_d1d25_mind6_s1,blue_noise,7,1.25,6.0,6.930455669253792,9.0,8.59029241215959,"[[0.0, 0.0], [-4.7590059894296495, -6.424732126639338], [6.881612835017413, 1.2088928609876373], [4.010960403020774, -7.256326950994679], [2.0162950843382856, 6.63066888906129], [-5.570173468532178, 6.70653832972833], [-8.170658834874692, 0.08699795288325009]]",blue-noise sparse 7-hole candidate,/Users/huahai/PARA/Project/XFCT/xfct_maskRecon/data/masks/candidates/blue_noise_n7_d1d25_mind6_s1.json
blue_noise_n9_d0d75_mind3_s0,blue_noise,9,0.75,3.0,3.8235887487263907,9.0,3.9760782021995817,"[[0.0, 0.0], [-2.7143305903994235, 6.7017025203040514], [4.42881389333729, 7.595001935221043], [-8.50186306079568, 1.7708622512887884], [-3.392252564042702, -1.9355056946907394], [7.7090590977908695, 1.3679714222806192], [-4.243035037425493, -7.546705448490455], [-8.584122177203614, -2.0518415506235224], [4.823253790318079, -6.007144612524696]]",blue-noise sparse 9-hole candidate,/Users/huahai/PARA/Project/XFCT/xfct_maskRecon/data/masks/candidates/blue_noise_n9_d0d75_mind3_s0.json
blue_noise_n9_d0d75_mind3_s1,blue_noise,9,0.75,3.0,3.7688842258871253,9.0,3.9760782021995817,"[[0.0, 0.0], [6.894476202501243, -1.3785549883554875], [-3.224595750149335, 1.951017825715502], [0.06491949087671454, 8.088803648598446], [2.8165574981971293, -7.761954580391399], [-2.0161263630542234, -7.346410076416573], [-3.395236367236426, 6.046479163412273], [6.574773426980266, 4.768527499105808], [-8.948418985912722, 0.7850884072395078]]",blue-noise sparse 9-hole candidate,/Users/huahai/PARA/Project/XFCT/xfct_maskRecon/data/masks/candidates/blue_noise_n9_d0d75_mind3_s1.json
blue_noise_n9_d0d75_mind6_s1,blue_noise,9,0.75,6.0,6.095917712640734,9.0,3.9760782021995817,"[[0.0, 0.0], [-7.690225419179969, -4.529826872482568], [-4.438288113217052, 6.5920071525578905], [7.226173994750934, 3.1071751911754437], [3.223500105429353, 7.725907522894691], [3.7758415311363565, -7.8420501305157515], [-2.316380480267935, -8.054285196063574], [-8.564232665439578, 2.0509929703150855], [8.486593746891877, -2.9284817107181653]]",blue-noise sparse 9-hole candidate,/Users/huahai/PARA/Project/XFCT/xfct_maskRecon/data/masks/candidates/blue_noise_n9_d0d75_mind6_s1.json
blue_noise_n9_d1d25_mind3_s0,blue_noise,9,1.25,3.0,3.8235887487263907,9.0,11.044661672776616,"[[0.0, 0.0], [-2.7143305903994235, 6.7017025203040514], [4.42881389333729, 7.595001935221043], [-8.50186306079568, 1.7708622512887884], [-3.392252564042702, -1.9355056946907394], [7.7090590977908695, 1.3679714222806192], [-4.243035037425493, -7.546705448490455], [-8.584122177203614, -2.0518415506235224], [4.823253790318079, -6.007144612524696]]",blue-noise sparse 9-hole candidate,/Users/huahai/PARA/Project/XFCT/xfct_maskRecon/data/masks/candidates/blue_noise_n9_d1d25_mind3_s0.json
blue_noise_n9_d1d25_mind3_s1,blue_noise,9,1.25,3.0,3.7688842258871253,9.0,11.044661672776616,"[[0.0, 0.0], [6.894476202501243, -1.3785549883554875], [-3.224595750149335, 1.951017825715502], [0.06491949087671454, 8.088803648598446], [2.8165574981971293, -7.761954580391399], [-2.0161263630542234, -7.346410076416573], [-3.395236367236426, 6.046479163412273], [6.574773426980266, 4.768527499105808], [-8.948418985912722, 0.7850884072395078]]",blue-noise sparse 9-hole candidate,/Users/huahai/PARA/Project/XFCT/xfct_maskRecon/data/masks/candidates/blue_noise_n9_d1d25_mind3_s1.json
blue_noise_n9_d1d25_mind6_s1,blue_noise,9,1.25,6.0,6.095917712640734,9.0,11.044661672776616,"[[0.0, 0.0], [-7.690225419179969, -4.529826872482568], [-4.438288113217052, 6.5920071525578905], [7.226173994750934, 3.1071751911754437], [3.223500105429353, 7.725907522894691], [3.7758415311363565, -7.8420501305157515], [-2.316380480267935, -8.054285196063574], [-8.564232665439578, 2.0509929703150855], [8.486593746891877, -2.9284817107181653]]",blue-noise sparse 9-hole candidate,/Users/huahai/PARA/Project/XFCT/xfct_maskRecon/data/masks/candidates/blue_noise_n9_d1d25_mind6_s1.json
cross_plus_center_n5_d0d75_mind3,cross_plus_center,5,0.75,3.0,3.0,9.0,2.2089323345553233,"[[0.0, 0.0], [-3.0, 0.0], [3.0, 0.0], [0.0, -3.0], [0.0, 3.0]]",5-hole controlled-overlap baseline,/Users/huahai/PARA/Project/XFCT/xfct_maskRecon/data/masks/candidates/cross_plus_center_n5_d0d75_mind3.json
cross_plus_center_n5_d0d75_mind6,cross_plus_center,5,0.75,6.0,6.0,9.0,2.2089323345553233,"[[0.0, 0.0], [-6.0, 0.0], [6.0, 0.0], [0.0, -6.0], [0.0, 6.0]]",5-hole controlled-overlap baseline,/Users/huahai/PARA/Project/XFCT/xfct_maskRecon/data/masks/candidates/cross_plus_center_n5_d0d75_mind6.json
cross_plus_center_n5_d1d25_mind3,cross_plus_center,5,1.25,3.0,3.0,9.0,6.135923151542564,"[[0.0, 0.0], [-3.0, 0.0], [3.0, 0.0], [0.0, -3.0], [0.0, 3.0]]",5-hole controlled-overlap baseline,/Users/huahai/PARA/Project/XFCT/xfct_maskRecon/data/masks/candidates/cross_plus_center_n5_d1d25_mind3.json
cross_plus_center_n5_d1d25_mind6,cross_plus_center,5,1.25,6.0,6.0,9.0,6.135923151542564,"[[0.0, 0.0], [-6.0, 0.0], [6.0, 0.0], [0.0, -6.0], [0.0, 6.0]]",5-hole controlled-overlap baseline,/Users/huahai/PARA/Project/XFCT/xfct_maskRecon/data/masks/candidates/cross_plus_center_n5_d1d25_mind6.json
grid3x3_n9_d0d75_mind6,grid3x3,9,0.75,6.0,6.0,9.0,3.9760782021995817,"[[-6.0, -6.0], [0.0, -6.0], [6.0, -6.0], [-6.0, 0.0], [0.0, 0.0], [6.0, 0.0], [-6.0, 6.0], [0.0, 6.0], [6.0, 6.0]]",grid3x3 diagnostic baseline,/Users/huahai/PARA/Project/XFCT/xfct_maskRecon/data/masks/candidates/grid3x3_n9_d0d75_mind6.json
grid3x3_n9_d1d25_mind6,grid3x3,9,1.25,6.0,6.0,9.0,11.044661672776616,"[[-6.0, -6.0], [0.0, -6.0], [6.0, -6.0], [-6.0, 0.0], [0.0, 0.0], [6.0, 0.0], [-6.0, 6.0], [0.0, 6.0], [6.0, 6.0]]",current grid baseline,/Users/huahai/PARA/Project/XFCT/xfct_maskRecon/data/masks/candidates/grid3x3_n9_d1d25_mind6.json
ring_n3_d0d75_mind3,ring,3,0.75,3.0,4.95,9.0,1.325359400733194,"[[0.0, 0.0], [4.95, 0.0], [-4.95, 6.062001655779399e-16]]",3-hole ring sparse depth-coded candidate,/Users/huahai/PARA/Project/XFCT/xfct_maskRecon/data/masks/candidates/ring_n3_d0d75_mind3.json
ring_n3_d1d25_mind3,ring,3,1.25,3.0,4.95,9.0,3.6815538909255388,"[[0.0, 0.0], [4.95, 0.0], [-4.95, 6.062001655779399e-16]]",3-hole ring sparse depth-coded candidate,/Users/huahai/PARA/Project/XFCT/xfct_maskRecon/data/masks/candidates/ring_n3_d1d25_mind3.json
ring_n5_d0d75_mind3,ring,5,0.75,3.0,4.95,9.0,2.2089323345553233,"[[0.0, 0.0], [4.95, 0.0], [3.0310008278896993e-16, 4.95], [-4.95, 6.062001655779399e-16], [-9.093002483669098e-16, -4.95]]",5-hole ring sparse depth-coded candidate,/Users/huahai/PARA/Project/XFCT/xfct_maskRecon/data/masks/candidates/ring_n5_d0d75_mind3.json
ring_n5_d1d25_mind3,ring,5,1.25,3.0,4.95,9.0,6.135923151542564,"[[0.0, 0.0], [4.95, 0.0], [3.0310008278896993e-16, 4.95], [-4.95, 6.062001655779399e-16], [-9.093002483669098e-16, -4.95]]",5-hole ring sparse depth-coded candidate,/Users/huahai/PARA/Project/XFCT/xfct_maskRecon/data/masks/candidates/ring_n5_d1d25_mind3.json
ring_n7_d0d75_mind3,ring,7,0.75,3.0,4.949999999999998,9.0,3.0925052683774528,"[[0.0, 0.0], [4.95, 0.0], [2.4750000000000005, 4.286825748732971], [-2.474999999999999, 4.286825748732972], [-4.95, 6.062001655779399e-16], [-2.4750000000000023, -4.28682574873297], [2.4750000000000005, -4.286825748732971]]",7-hole ring sparse depth-coded candidate,/Users/huahai/PARA/Project/XFCT/xfct_maskRecon/data/masks/candidates/ring_n7_d0d75_mind3.json
ring_n7_d0d75_mind6,ring,7,0.75,6.0,5.999999999999999,9.0,3.0925052683774528,"[[0.0, 0.0], [6.000000000000001, 0.0], [3.0000000000000013, 5.196152422706632], [-2.9999999999999996, 5.196152422706633], [-6.000000000000001, 7.347880794884121e-16], [-3.000000000000003, -5.196152422706631], [3.0000000000000013, -5.196152422706632]]",7-hole ring sparse depth-coded candidate,/Users/huahai/PARA/Project/XFCT/xfct_maskRecon/data/masks/candidates/ring_n7_d0d75_mind6.json
ring_n7_d1d25_mind3,ring,7,1.25,3.0,4.949999999999998,9.0,8.59029241215959,"[[0.0, 0.0], [4.95, 0.0], [2.4750000000000005, 4.286825748732971], [-2.474999999999999, 4.286825748732972], [-4.95, 6.062001655779399e-16], [-2.4750000000000023, -4.28682574873297], [2.4750000000000005, -4.286825748732971]]",7-hole ring sparse depth-coded candidate,/Users/huahai/PARA/Project/XFCT/xfct_maskRecon/data/masks/candidates/ring_n7_d1d25_mind3.json
ring_n7_d1d25_mind6,ring,7,1.25,6.0,5.999999999999999,9.0,8.59029241215959,"[[0.0, 0.0], [6.000000000000001, 0.0], [3.0000000000000013, 5.196152422706632], [-2.9999999999999996, 5.196152422706633], [-6.000000000000001, 7.347880794884121e-16], [-3.000000000000003, -5.196152422706631], [3.0000000000000013, -5.196152422706632]]",7-hole ring sparse depth-coded candidate,/Users/huahai/PARA/Project/XFCT/xfct_maskRecon/data/masks/candidates/ring_n7_d1d25_mind6.json
ring_n9_d0d75_mind3,ring,9,0.75,3.0,3.7885659804143885,9.0,3.9760782021995817,"[[0.0, 0.0], [4.95, 0.0], [3.5001785668734104, 3.50017856687341], [3.0310008278896993e-16, 4.95], [-3.50017856687341, 3.5001785668734104], [-4.95, 6.062001655779399e-16], [-3.5001785668734113, -3.50017856687341], [-9.093002483669098e-16, -4.95], [3.5001785668734096, -3.5001785668734113]]",9-hole ring sparse depth-coded candidate,/Users/huahai/PARA/Project/XFCT/xfct_maskRecon/data/masks/candidates/ring_n9_d0d75_mind3.json
ring_n9_d0d75_mind6,ring,9,0.75,6.0,5.999999999999999,9.0,3.9760782021995817,"[[0.0, 0.0], [7.839377789258259, 0.0], [5.543277195067721, 5.54327719506772], [4.80023445846099e-16, 7.839377789258259], [-5.54327719506772, 5.543277195067721], [-7.839377789258259, 9.60046891692198e-16], [-5.543277195067722, -5.54327719506772], [-1.440070337538297e-15, -7.839377789258259], [5.543277195067719, -5.543277195067722]]",9-hole ring sparse depth-coded candidate,/Users/huahai/PARA/Project/XFCT/xfct_maskRecon/data/masks/candidates/ring_n9_d0d75_mind6.json
ring_n9_d1d25_mind3,ring,9,1.25,3.0,3.7885659804143885,9.0,11.044661672776616,"[[0.0, 0.0], [4.95, 0.0], [3.5001785668734104, 3.50017856687341], [3.0310008278896993e-16, 4.95], [-3.50017856687341, 3.5001785668734104], [-4.95, 6.062001655779399e-16], [-3.5001785668734113, -3.50017856687341], [-9.093002483669098e-16, -4.95], [3.5001785668734096, -3.5001785668734113]]",9-hole ring sparse depth-coded candidate,/Users/huahai/PARA/Project/XFCT/xfct_maskRecon/data/masks/candidates/ring_n9_d1d25_mind3.json
ring_n9_d1d25_mind6,ring,9,1.25,6.0,5.999999999999999,9.0,11.044661672776616,"[[0.0, 0.0], [7.839377789258259, 0.0], [5.543277195067721, 5.54327719506772], [4.80023445846099e-16, 7.839377789258259], [-5.54327719506772, 5.543277195067721], [-7.839377789258259, 9.60046891692198e-16], [-5.543277195067722, -5.54327719506772], [-1.440070337538297e-15, -7.839377789258259], [5.543277195067719, -5.543277195067722]]",9-hole ring sparse depth-coded candidate,/Users/huahai/PARA/Project/XFCT/xfct_maskRecon/data/masks/candidates/ring_n9_d1d25_mind6.json
ring_two_n7_d0d75_mind3,ring_two,7,0.75,3.0,3.0,9.0,3.0925052683774528,"[[0.0, 0.0], [1.5000000000000004, 2.598076211353316], [-3.0, 3.6739403974420594e-16], [1.499999999999998, -2.598076211353317], [6.75, 0.0], [-3.3749999999999987, 5.845671475544961], [-3.375000000000003, -5.845671475544959]]",7-hole ring sparse depth-coded candidate,/Users/huahai/PARA/Project/XFCT/xfct_maskRecon/data/masks/candidates/ring_two_n7_d0d75_mind3.json
ring_two_n7_d0d75_mind6,ring_two,7,0.75,6.0,6.0,9.0,3.0925052683774528,"[[0.0, 0.0], [3.000000000000001, 5.196152422706632], [-6.0, 7.347880794884119e-16], [2.999999999999996, -5.196152422706634], [9.0, 0.0], [-4.499999999999998, 7.794228634059948], [-4.5000000000000036, -7.794228634059945]]",7-hole ring sparse depth-coded candidate,/Users/huahai/PARA/Project/XFCT/xfct_maskRecon/data/masks/candidates/ring_two_n7_d0d75_mind6.json
ring_two_n7_d1d25_mind3,ring_two,7,1.25,3.0,3.0,9.0,8.59029241215959,"[[0.0, 0.0], [1.5000000000000004, 2.598076211353316], [-3.0, 3.6739403974420594e-16], [1.499999999999998, -2.598076211353317], [6.75, 0.0], [-3.3749999999999987, 5.845671475544961], [-3.375000000000003, -5.845671475544959]]",7-hole ring sparse depth-coded candidate,/Users/huahai/PARA/Project/XFCT/xfct_maskRecon/data/masks/candidates/ring_two_n7_d1d25_mind3.json
ring_two_n7_d1d25_mind6,ring_two,7,1.25,6.0,6.0,9.0,8.59029241215959,"[[0.0, 0.0], [3.000000000000001, 5.196152422706632], [-6.0, 7.347880794884119e-16], [2.999999999999996, -5.196152422706634], [9.0, 0.0], [-4.499999999999998, 7.794228634059948], [-4.5000000000000036, -7.794228634059945]]",7-hole ring sparse depth-coded candidate,/Users/huahai/PARA/Project/XFCT/xfct_maskRecon/data/masks/candidates/ring_two_n7_d1d25_mind6.json
ring_two_n9_d0d75_mind3,ring_two,9,0.75,3.0,3.0,9.0,3.9760782021995817,"[[0.0, 0.0], [1.5000000000000004, 2.598076211353316], [-3.0, 3.6739403974420594e-16], [1.499999999999998, -2.598076211353317], [6.75, 0.0], [2.0858647120308955, 6.419631484992286], [-5.460864712030895, 3.9675504529741943], [-5.4608647120308955, -3.967550452974193], [2.0858647120308937, -6.419631484992287]]",9-hole ring sparse depth-coded candidate,/Users/huahai/PARA/Project/XFCT/xfct_maskRecon/data/masks/candidates/ring_two_n9_d0d75_mind3.json
ring_two_n9_d1d25_mind3,ring_two,9,1.25,3.0,3.0,9.0,11.044661672776616,"[[0.0, 0.0], [1.5000000000000004, 2.598076211353316], [-3.0, 3.6739403974420594e-16], [1.499999999999998, -2.598076211353317], [6.75, 0.0], [2.0858647120308955, 6.419631484992286], [-5.460864712030895, 3.9675504529741943], [-5.4608647120308955, -3.967550452974193], [2.0858647120308937, -6.419631484992287]]",9-hole ring sparse depth-coded candidate,/Users/huahai/PARA/Project/XFCT/xfct_maskRecon/data/masks/candidates/ring_two_n9_d1d25_mind3.json
single_center_n1_d0d75_mind0,single_center,1,0.75,0.0,0.0,9.0,0.44178646691106466,"[[0.0, 0.0]]",single center pinhole regression/control,/Users/huahai/PARA/Project/XFCT/xfct_maskRecon/data/masks/candidates/single_center_n1_d0d75_mind0.json
single_center_n1_d1d25_mind0,single_center,1,1.25,0.0,0.0,9.0,1.227184630308513,"[[0.0, 0.0]]",single center pinhole regression/control,/Users/huahai/PARA/Project/XFCT/xfct_maskRecon/data/masks/candidates/single_center_n1_d1d25_mind0.json
sparse_random_n3_d0d75_mind3_s0,sparse_random,3,0.75,3.0,4.408273038914391,9.0,1.325359400733194,"[[0.0, 0.0], [3.453204386086592, 2.7401187298239185], [4.8706669419669595, -5.433164025308125]]",random sparse 3-hole candidate with minimum spacing,/Users/huahai/PARA/Project/XFCT/xfct_maskRecon/data/masks/candidates/sparse_random_n3_d0d75_mind3_s0.json
sparse_random_n3_d0d75_mind3_s1,sparse_random,3,0.75,3.0,7.537660930601675,9.0,1.325359400733194,"[[0.0, 0.0], [-1.4539947337497914, -7.396095701040298], [-7.918428134697883, -3.126400495061449]]",random sparse 3-hole candidate with minimum spacing,/Users/huahai/PARA/Project/XFCT/xfct_maskRecon/data/masks/candidates/sparse_random_n3_d0d75_mind3_s1.json
sparse_random_n3_d0d75_mind6_s0,sparse_random,3,0.75,6.0,7.296757347306553,9.0,1.325359400733194,"[[0.0, 0.0], [4.8706669419669595, -5.433164025308125], [-4.577159684409161, 6.205513901316611]]",random sparse 3-hole candidate with minimum spacing,/Users/huahai/PARA/Project/XFCT/xfct_maskRecon/data/masks/candidates/sparse_random_n3_d0d75_mind6_s0.json
sparse_random_n3_d0d75_mind6_s1,sparse_random,3,0.75,6.0,7.537660930601675,9.0,1.325359400733194,"[[0.0, 0.0], [-1.4539947337497914, -7.396095701040298], [-7.918428134697883, -3.126400495061449]]",random sparse 3-hole candidate with minimum spacing,/Users/huahai/PARA/Project/XFCT/xfct_maskRecon/data/masks/candidates/sparse_random_n3_d0d75_mind6_s1.json
sparse_random_n3_d1d25_mind3_s0,sparse_random,3,1.25,3.0,4.408273038914391,9.0,3.6815538909255388,"[[0.0, 0.0], [3.453204386086592, 2.7401187298239185], [4.8706669419669595, -5.433164025308125]]",random sparse 3-hole candidate with minimum spacing,/Users/huahai/PARA/Project/XFCT/xfct_maskRecon/data/masks/candidates/sparse_random_n3_d1d25_mind3_s0.json
sparse_random_n3_d1d25_mind3_s1,sparse_random,3,1.25,3.0,7.537660930601675,9.0,3.6815538909255388,"[[0.0, 0.0], [-1.4539947337497914, -7.396095701040298], [-7.918428134697883, -3.126400495061449]]",random sparse 3-hole candidate with minimum spacing,/Users/huahai/PARA/Project/XFCT/xfct_maskRecon/data/masks/candidates/sparse_random_n3_d1d25_mind3_s1.json
sparse_random_n3_d1d25_mind6_s0,sparse_random,3,1.25,6.0,7.296757347306553,9.0,3.6815538909255388,"[[0.0, 0.0], [4.8706669419669595, -5.433164025308125], [-4.577159684409161, 6.205513901316611]]",random sparse 3-hole candidate with minimum spacing,/Users/huahai/PARA/Project/XFCT/xfct_maskRecon/data/masks/candidates/sparse_random_n3_d1d25_mind6_s0.json
sparse_random_n3_d1d25_mind6_s1,sparse_random,3,1.25,6.0,7.537660930601675,9.0,3.6815538909255388,"[[0.0, 0.0], [-1.4539947337497914, -7.396095701040298], [-7.918428134697883, -3.126400495061449]]",random sparse 3-hole candidate with minimum spacing,/Users/huahai/PARA/Project/XFCT/xfct_maskRecon/data/masks/candidates/sparse_random_n3_d1d25_mind6_s1.json
sparse_random_n5_d0d75_mind3_s0,sparse_random,5,0.75,3.0,4.1327050721538905,9.0,2.2089323345553233,"[[0.0, 0.0], [6.002568864203762, -1.4239285636427534], [8.25030447203517, 2.044058727379701], [-4.843252869672847, -3.4071974358810033], [3.72020116300338, 5.091539902454163]]",random sparse 5-hole candidate with minimum spacing,/Users/huahai/PARA/Project/XFCT/xfct_maskRecon/data/masks/candidates/sparse_random_n5_d0d75_mind3_s0.json
sparse_random_n5_d0d75_mind3_s1,sparse_random,5,0.75,3.0,3.023561096568373,9.0,2.2089323345553233,"[[0.0, 0.0], [-5.006627363324546, 1.912863827850526], [-6.929030836089093, -0.42086421812752917], [7.598973995750613, -3.0943362717712333], [2.675130433460945, -4.206929227175763]]",random sparse 5-hole candidate with minimum spacing,/Users/huahai/PARA/Project/XFCT/xfct_maskRecon/data/masks/candidates/sparse_random_n5_d0d75_mind3_s1.json
sparse_random_n5_d0d75_mind6_s0,sparse_random,5,0.75,6.0,6.16914949761036,9.0,2.2089323345553233,"[[0.0, 0.0], [6.002568864203762, -1.4239285636427534], [3.72020116300338, 5.091539902454163], [-2.722089269903368, -5.7275978537180405], [-5.6230403725478295, 3.7155600319117728]]",random sparse 5-hole candidate with minimum spacing,/Users/huahai/PARA/Project/XFCT/xfct_maskRecon/data/masks/candidates/sparse_random_n5_d0d75_mind6_s0.json
sparse_random_n5_d0d75_mind6_s1,sparse_random,5,0.75,6.0,6.774894307915383,9.0,2.2089323345553233,"[[0.0, 0.0], [-6.929030836089093, -0.42086421812752917], [7.598973995750613, -3.0943362717712333], [2.349296869350508, 6.594506643382415], [2.556963988630308, -7.61952444150771]]",random sparse 5-hole candidate with minimum spacing,/Users/huahai/PARA/Project/XFCT/xfct_maskRecon/data/masks/candidates/sparse_random_n5_d0d75_mind6_s1.json
sparse_random_n5_d1d25_mind3_s0,sparse_random,5,1.25,3.0,4.1327050721538905,9.0,6.135923151542564,"[[0.0, 0.0], [6.002568864203762, -1.4239285636427534], [8.25030447203517, 2.044058727379701], [-4.843252869672847, -3.4071974358810033], [3.72020116300338, 5.091539902454163]]",random sparse 5-hole candidate with minimum spacing,/Users/huahai/PARA/Project/XFCT/xfct_maskRecon/data/masks/candidates/sparse_random_n5_d1d25_mind3_s0.json
sparse_random_n5_d1d25_mind3_s1,sparse_random,5,1.25,3.0,3.023561096568373,9.0,6.135923151542564,"[[0.0, 0.0], [-5.006627363324546, 1.912863827850526], [-6.929030836089093, -0.42086421812752917], [7.598973995750613, -3.0943362717712333], [2.675130433460945, -4.206929227175763]]",random sparse 5-hole candidate with minimum spacing,/Users/huahai/PARA/Project/XFCT/xfct_maskRecon/data/masks/candidates/sparse_random_n5_d1d25_mind3_s1.json
sparse_random_n5_d1d25_mind6_s0,sparse_random,5,1.25,6.0,6.16914949761036,9.0,6.135923151542564,"[[0.0, 0.0], [6.002568864203762, -1.4239285636427534], [3.72020116300338, 5.091539902454163], [-2.722089269903368, -5.7275978537180405], [-5.6230403725478295, 3.7155600319117728]]",random sparse 5-hole candidate with minimum spacing,/Users/huahai/PARA/Project/XFCT/xfct_maskRecon/data/masks/candidates/sparse_random_n5_d1d25_mind6_s0.json
sparse_random_n5_d1d25_mind6_s1,sparse_random,5,1.25,6.0,6.774894307915383,9.0,6.135923151542564,"[[0.0, 0.0], [-6.929030836089093, -0.42086421812752917], [7.598973995750613, -3.0943362717712333], [2.349296869350508, 6.594506643382415], [2.556963988630308, -7.61952444150771]]",random sparse 5-hole candidate with minimum spacing,/Users/huahai/PARA/Project/XFCT/xfct_maskRecon/data/masks/candidates/sparse_random_n5_d1d25_mind6_s1.json
sparse_random_n7_d0d75_mind3_s0,sparse_random,7,0.75,3.0,3.085772645634239,9.0,3.0925052683774528,"[[0.0, 0.0], [6.306054381093331, -5.118876824743573], [1.1160805007218426, 3.837203272421799], [-4.189792451734791, -5.885196997471282], [6.350196830765715, 6.022058208112947], [-8.226918455406917, -2.7890628997227656], [-1.4543963710607326, -4.457050960688793]]",random sparse 7-hole candidate with minimum spacing,/Users/huahai/PARA/Project/XFCT/xfct_maskRecon/data/masks/candidates/sparse_random_n7_d0d75_mind3_s0.json
sparse_random_n7_d0d75_mind3_s1,sparse_random,7,0.75,3.0,3.395315920274773,9.0,3.0925052683774528,"[[0.0, 0.0], [0.12771665623817144, -7.434792852407389], [-7.123553600901184, -2.3526518154017277], [3.7578556126553964, -2.350117732265584], [-4.849109241966553, 1.0357710553041108], [-3.3530104963375758, 4.083698013385412], [2.8229689419921273, 7.095169455091258]]",random sparse 7-hole candidate with minimum spacing,/Users/huahai/PARA/Project/XFCT/xfct_maskRecon/data/masks/candidates/sparse_random_n7_d0d75_mind3_s1.json
sparse_random_n7_d0d75_mind6_s0,sparse_random,7,0.75,6.0,6.339966885004592,9.0,3.0925052683774528,"[[0.0, 0.0], [6.306054381093331, -5.118876824743573], [2.327293736804326, 5.897362458386476], [-4.189792451734791, -5.885196997471282], [-8.115529677851969, 1.0078555470315302], [-4.5658534805015165, 6.825585191096255], [8.064518575206572, 1.4376330266707922]]",random sparse 7-hole candidate with minimum spacing,/Users/huahai/PARA/Project/XFCT/xfct_maskRecon/data/masks/candidates/sparse_random_n7_d0d75_mind6_s0.json
sparse_random_n7_d1d25_mind3_s0,sparse_random,7,1.25,3.0,3.085772645634239,9.0,8.59029241215959,"[[0.0, 0.0], [6.306054381093331, -5.118876824743573], [1.1160805007218426, 3.837203272421799], [-4.189792451734791, -5.885196997471282], [6.350196830765715, 6.022058208112947], [-8.226918455406917, -2.7890628997227656], [-1.4543963710607326, -4.457050960688793]]",random sparse 7-hole candidate with minimum spacing,/Users/huahai/PARA/Project/XFCT/xfct_maskRecon/data/masks/candidates/sparse_random_n7_d1d25_mind3_s0.json
sparse_random_n7_d1d25_mind3_s1,sparse_random,7,1.25,3.0,3.395315920274773,9.0,8.59029241215959,"[[0.0, 0.0], [0.12771665623817144, -7.434792852407389], [-7.123553600901184, -2.3526518154017277], [3.7578556126553964, -2.350117732265584], [-4.849109241966553, 1.0357710553041108], [-3.3530104963375758, 4.083698013385412], [2.8229689419921273, 7.095169455091258]]",random sparse 7-hole candidate with minimum spacing,/Users/huahai/PARA/Project/XFCT/xfct_maskRecon/data/masks/candidates/sparse_random_n7_d1d25_mind3_s1.json
sparse_random_n7_d1d25_mind6_s0,sparse_random,7,1.25,6.0,6.339966885004592,9.0,8.59029241215959,"[[0.0, 0.0], [6.306054381093331, -5.118876824743573], [2.327293736804326, 5.897362458386476], [-4.189792451734791, -5.885196997471282], [-8.115529677851969, 1.0078555470315302], [-4.5658534805015165, 6.825585191096255], [8.064518575206572, 1.4376330266707922]]",random sparse 7-hole candidate with minimum spacing,/Users/huahai/PARA/Project/XFCT/xfct_maskRecon/data/masks/candidates/sparse_random_n7_d1d25_mind6_s0.json
sparse_random_n9_d0d75_mind3_s0,sparse_random,9,0.75,3.0,3.163463970234505,9.0,3.9760782021995817,"[[0.0, 0.0], [-4.49189978698561, 1.5965850576204839], [-5.185444609031912, -5.887512569583286], [-2.91918829053411, 5.295407541309724], [0.01804441360075116, 6.4702131987409714], [0.7174231484395658, -5.765283533687086], [-6.825134880613376, 4.688081091040521], [4.4687192210003035, -5.8358308602271185], [-8.457293052621988, 0.49088054288643757]]",random sparse 9-hole candidate with minimum spacing,/Users/huahai/PARA/Project/XFCT/xfct_maskRecon/data/masks/candidates/sparse_random_n9_d0d75_mind3_s0.json
sparse_random_n9_d0d75_mind3_s1,sparse_random,9,0.75,3.0,3.3419930975824297,9.0,3.9760782021995817,"[[0.0, 0.0], [0.26222178250205985, 3.331689901697042], [-2.6615752966122996, 8.353817415717367], [-6.418286512378898, 2.0723449896047783], [-4.121000160558605, -7.030499588900791], [7.55692156487805, -4.001329290694279], [2.2824931326245155, -3.619298466066869], [5.33436091193495, 0.3732284370337895], [-6.1369966218411, -1.502100439881472]]",random sparse 9-hole candidate with minimum spacing,/Users/huahai/PARA/Project/XFCT/xfct_maskRecon/data/masks/candidates/sparse_random_n9_d0d75_mind3_s1.json
sparse_random_n9_d1d25_mind3_s0,sparse_random,9,1.25,3.0,3.163463970234505,9.0,11.044661672776616,"[[0.0, 0.0], [-4.49189978698561, 1.5965850576204839], [-5.185444609031912, -5.887512569583286], [-2.91918829053411, 5.295407541309724], [0.01804441360075116, 6.4702131987409714], [0.7174231484395658, -5.765283533687086], [-6.825134880613376, 4.688081091040521], [4.4687192210003035, -5.8358308602271185], [-8.457293052621988, 0.49088054288643757]]",random sparse 9-hole candidate with minimum spacing,/Users/huahai/PARA/Project/XFCT/xfct_maskRecon/data/masks/candidates/sparse_random_n9_d1d25_mind3_s0.json
sparse_random_n9_d1d25_mind3_s1,sparse_random,9,1.25,3.0,3.3419930975824297,9.0,11.044661672776616,"[[0.0, 0.0], [0.26222178250205985, 3.331689901697042], [-2.6615752966122996, 8.353817415717367], [-6.418286512378898, 2.0723449896047783], [-4.121000160558605, -7.030499588900791], [7.55692156487805, -4.001329290694279], [2.2824931326245155, -3.619298466066869], [5.33436091193495, 0.3732284370337895], [-6.1369966218411, -1.502100439881472]]",random sparse 9-hole candidate with minimum spacing,/Users/huahai/PARA/Project/XFCT/xfct_maskRecon/data/masks/candidates/sparse_random_n9_d1d25_mind3_s1.json
ura_mura_inspired_n3_d0d75_mind3,ura_mura_inspired,3,0.75,3.0,3.0,9.0,1.325359400733194,"[[0.0, 0.0], [-3.0, 0.0], [3.0, 0.0]]",URA/MURA-inspired sparse-center diagnostic baseline; no fixed-shift decoding,/Users/huahai/PARA/Project/XFCT/xfct_maskRecon/data/masks/candidates/ura_mura_inspired_n3_d0d75_mind3.json
ura_mura_inspired_n3_d0d75_mind6,ura_mura_inspired,3,0.75,6.0,6.0,9.0,1.325359400733194,"[[0.0, 0.0], [-6.0, 0.0], [6.0, 0.0]]",URA/MURA-inspired sparse-center diagnostic baseline; no fixed-shift decoding,/Users/huahai/PARA/Project/XFCT/xfct_maskRecon/data/masks/candidates/ura_mura_inspired_n3_d0d75_mind6.json
ura_mura_inspired_n3_d1d25_mind3,ura_mura_inspired,3,1.25,3.0,3.0,9.0,3.6815538909255388,"[[0.0, 0.0], [-3.0, 0.0], [3.0, 0.0]]",URA/MURA-inspired sparse-center diagnostic baseline; no fixed-shift decoding,/Users/huahai/PARA/Project/XFCT/xfct_maskRecon/data/masks/candidates/ura_mura_inspired_n3_d1d25_mind3.json
ura_mura_inspired_n3_d1d25_mind6,ura_mura_inspired,3,1.25,6.0,6.0,9.0,3.6815538909255388,"[[0.0, 0.0], [-6.0, 0.0], [6.0, 0.0]]",URA/MURA-inspired sparse-center diagnostic baseline; no fixed-shift decoding,/Users/huahai/PARA/Project/XFCT/xfct_maskRecon/data/masks/candidates/ura_mura_inspired_n3_d1d25_mind6.json
ura_mura_inspired_n5_d0d75_mind3,ura_mura_inspired,5,0.75,3.0,3.0,9.0,2.2089323345553233,"[[0.0, 0.0], [-3.0, 0.0], [3.0, 0.0], [-3.0, -6.0], [3.0, 6.0]]",URA/MURA-inspired sparse-center diagnostic baseline; no fixed-shift decoding,/Users/huahai/PARA/Project/XFCT/xfct_maskRecon/data/masks/candidates/ura_mura_inspired_n5_d0d75_mind3.json
ura_mura_inspired_n5_d1d25_mind3,ura_mura_inspired,5,1.25,3.0,3.0,9.0,6.135923151542564,"[[0.0, 0.0], [-3.0, 0.0], [3.0, 0.0], [-3.0, -6.0], [3.0, 6.0]]",URA/MURA-inspired sparse-center diagnostic baseline; no fixed-shift decoding,/Users/huahai/PARA/Project/XFCT/xfct_maskRecon/data/masks/candidates/ura_mura_inspired_n5_d1d25_mind3.json
ura_mura_inspired_n7_d0d75_mind3,ura_mura_inspired,7,0.75,3.0,3.0,9.0,3.0925052683774528,"[[0.0, 0.0], [-3.0, 0.0], [3.0, 0.0], [-3.0, -6.0], [3.0, 6.0], [-6.0, -6.0], [6.0, 6.0]]",URA/MURA-inspired sparse-center diagnostic baseline; no fixed-shift decoding,/Users/huahai/PARA/Project/XFCT/xfct_maskRecon/data/masks/candidates/ura_mura_inspired_n7_d0d75_mind3.json
ura_mura_inspired_n7_d1d25_mind3,ura_mura_inspired,7,1.25,3.0,3.0,9.0,8.59029241215959,"[[0.0, 0.0], [-3.0, 0.0], [3.0, 0.0], [-3.0, -6.0], [3.0, 6.0], [-6.0, -6.0], [6.0, 6.0]]",URA/MURA-inspired sparse-center diagnostic baseline; no fixed-shift decoding,/Users/huahai/PARA/Project/XFCT/xfct_maskRecon/data/masks/candidates/ura_mura_inspired_n7_d1d25_mind3.json
