roi_mean,roi_bias,background_mean,background_std,cnr_mean,cnr_slope,cnr_intercept,cnr_r_squared,detection_limit_mgml,detection_limit_invalid,rmse,nrmse,ssim,protocol,run,family,seed,angle_count,hole_count,hole_diameter_mm,total_detected_counts,expected_detected_counts,estimated_dose_or_exposure_scale,projection_poisson_deviance,residual_structure_score,sensitivity_uniformity_cv,sensitivity_min_over_mean,fov_truncation_ratio,overlap_score,final_objective,final_deviance,final_relative_change,runtime_s,memory_mb
9.223766763297228,7.8904334299638945,9.331220928740844,0.9358485169432732,-0.1377840496595629,-0.4131768606732025,0.5232989274175606,0.8183828922059376,-8.414559002451728,True,2.4933587638530468,0.8311195879510156,nan,equal_acquisition_time,traditional_5,single_pinhole,20260509,5,1,1.0,199958.0,200000.06399999995,156414.60240703018,8882019.917666033,0.28968943138923225,0.10256743929110343,0.5864130850866878,0.036800000000000006,0.0,4095354.060735088,8882019.917666033,0.9650189143497837,0.360368013381958,299712.0
9.359434852550706,8.026101519217372,9.653657446272044,0.8866600111749084,-0.3981989804612457,-0.5379530512331929,0.4625259015118627,0.8774306671552394,-6.5758045063205826,True,2.5333688809530135,0.8444562936510045,nan,equal_acquisition_time,traditional_5,single_pinhole,20260510,5,1,1.0,200361.0,200000.06399999995,156414.60240703018,8980516.399623925,0.2816999038408709,0.10256743929110343,0.5864130850866878,0.036800000000000006,0.0,4143221.1056035575,8980516.399623925,0.9763231702265898,0.37174487113952637,330032.0
9.207940291218605,7.874606957885272,9.538891427347087,0.869979779021713,-0.45649493577972644,-0.55988210108841,0.43931642596172893,0.8590688654318227,-6.359702457207165,True,2.4875585700132072,0.8291861900044024,nan,equal_acquisition_time,traditional_5,single_pinhole,20260511,5,1,1.0,199116.0,200000.06399999995,156414.60240703018,8815775.39329733,0.2740145120525418,0.10256743929110343,0.5864130850866878,0.036800000000000006,0.0,4063641.386541574,8815775.39329733,0.9932399216222837,0.3463716506958008,344560.0
34.542381071957976,33.20904773862464,35.70735963648608,1.0106157535063958,-1.383289615843967,-0.9665385517448821,0.16317206694784372,0.7653060874875506,-3.969658454001209,True,21.926549890586298,7.308849963528766,nan,equal_acquisition_time,traditional_15,single_pinhole,20260509,15,1,1.0,601208.0,599888.0897483763,156414.60240703018,334550515.0889236,0.9139429780870306,0.09045635331672719,0.49337093069650695,0.03573333333333333,0.0,166233754.32647777,334550515.0889236,0.10436418416121673,1.061763048171997,374080.0
34.42482273323942,33.09148939990608,35.58288880497728,1.0051902853841954,-1.3825036973514753,-0.9548233981222226,0.14521373964408055,0.7820849487748072,-4.037171971211461,True,21.856885197450165,7.285628399150055,nan,equal_acquisition_time,traditional_15,single_pinhole,20260510,15,1,1.0,599712.0,599888.0897483763,156414.60240703018,333487906.3679159,0.9139401069503815,0.09045635331672719,0.49337093069650695,0.03573333333333333,0.0,165705145.1361946,333487906.3679159,0.1045327109771033,1.0758888721466064,383488.0
34.334075482245694,33.00074214891236,35.44662644670196,1.0084061511654363,-1.3239319849492766,-0.9579862491611073,0.20884601370849454,0.7845816152223627,-3.957420046072014,True,21.74394270083825,7.247980900279416,nan,equal_acquisition_time,traditional_15,single_pinhole,20260511,15,1,1.0,599176.0,599888.0897483763,156414.60240703018,331680061.6300096,0.913873570551514,0.09045635331672719,0.49337093069650695,0.03573333333333333,0.0,164804092.84566987,331680061.6300096,0.10490552007706058,1.0170910358428955,389600.0
74.45593744370136,73.12260411036802,73.8350690658555,2.682045857108167,0.2777887079896321,0.16786668527107962,0.009202011555904738,0.2497229343238414,23.77361524712037,True,43.68176077978697,14.560586926595656,nan,equal_acquisition_time,traditional_45,single_pinhole,20260509,45,1,1.0,1799389.0,1799820.9629458876,156414.60240703018,2042302050.642818,0.9189882920352814,0.08930036725036779,0.45193145229228665,0.034666666666666665,0.0,1018035624.8006974,2042302050.642818,0.10344625573711343,2.8387489318847656,428960.0
74.45099694998252,73.11766361664918,73.82937737968723,2.6890070202949325,0.27740481104156683,0.1646086575976945,0.014030958885255726,0.24409493152283357,24.214820163690902,True,43.671195839296956,14.557065279765652,nan,equal_acquisition_time,traditional_45,single_pinhole,20260510,45,1,1.0,1797691.0,1799820.9629458876,156414.60240703018,2041764051.646531,0.9185435801147123,0.08930036725036779,0.45193145229228665,0.034666666666666665,0.0,1017775196.4801195,2041764051.646531,0.1035085820645948,2.751086711883545,470384.0
73.72472481021931,72.39139147688599,73.11465925862747,2.663410094339462,0.27486516757824664,0.16667876326281345,0.008179146357745299,0.25029888420679747,23.949186900001692,False,43.21468135423012,14.404893784743374,nan,equal_acquisition_time,traditional_45,single_pinhole,20260511,45,1,1.0,1798044.0,1799820.9629458876,156414.60240703018,2019757132.6238487,0.9189051185374715,0.08930036725036779,0.45193145229228665,0.034666666666666665,0.0,1006766434.5500742,2019757132.6238487,0.10408520256760334,3.2304000854492188,508416.0
5.99242608650088,4.659092753167547,6.079443704947306,2.080215108003425,-0.05019728091290208,0.15970114580004463,-0.3057191141929732,0.2609781862417495,26.9611034574792,False,9.405432721750186,3.1351442405833954,nan,equal_acquisition_time,grid9_p6_d1p25_5,grid3x3,20260509,5,9,1.25,1374790.0,1373028.9362214701,156414.60240703018,302727614.8996297,0.9904210171959592,0.10650230937715666,0.6024770693753654,0.5347555555555554,0.3923135322273782,147201682.88670224,302727614.8996297,0.21407629999065536,2.413670063018799,510352.0
6.051312597103677,4.717979263770343,6.140518903919116,2.072257785445725,-0.05165745735417794,0.159938760582368,-0.3075594742859664,0.2616983908908629,26.932555051704217,False,9.451388483716725,3.150462827905575,nan,equal_acquisition_time,grid9_p6_d1p25_5,grid3x3,20260510,5,9,1.25,1373370.0,1373028.9362214701,156414.60240703018,304673474.94989145,0.9904781092247739,0.10650230937715666,0.6024770693753654,0.5347555555555554,0.3923135322273782,148180065.84856734,304673474.94989145,0.2122354134751995,2.4245901107788086,522352.0
6.030956736251017,4.697623402917684,6.11632451843638,2.079381650859046,-0.04926528931334655,0.15996040670308204,-0.30520194003827755,0.262203402508592,26.914172255323024,False,9.438067490906132,3.1460224969687105,nan,equal_acquisition_time,grid9_p6_d1p25_5,grid3x3,20260511,5,9,1.25,1374703.0,1373028.9362214701,156414.60240703018,304054719.5126512,0.9904562416034612,0.10650230937715666,0.6024770693753654,0.5347555555555554,0.3923135322273782,147864424.95507964,304054719.5126512,0.2129792136369021,2.8301939964294434,532016.0
3.472218061456076,2.138884728122743,4.192564433024728,0.10169227014310801,-8.50030827973374,-2.758176009087206,-4.087226665194212,0.0942707345827839,-2.9320923097545935,True,3.5388968214697845,1.1796322738232614,nan,equal_acquisition_time,best_5hole_sparse_blue_noise_n5_d1d25_mind6_s0,blue_noise,20260509,5,5,1.25,639087.0,639822.7745589216,156414.60240703018,47648652.2589508,0.9408458258330449,0.15641407144873107,0.46820295337663825,0.58432,0.09443522013065754,22290612.605452705,47648652.2589508,0.5275055486079582,1.2494547367095947,539376.0
3.480673970448852,2.1473406371155184,4.203905281004188,0.09646270012740725,-8.997027571487386,-2.956289465776296,-4.266964426245315,0.09564993159183277,-2.796398837782444,True,3.5484907532166754,1.182830251072225,nan,equal_acquisition_time,best_5hole_sparse_blue_noise_n5_d1d25_mind6_s0,blue_noise,20260510,5,5,1.25,640249.0,639822.7745589216,156414.60240703018,47795352.91710326,0.8537861101329992,0.15641407144873107,0.46820295337663825,0.58432,0.09443522013065754,22359580.289625946,47795352.91710326,0.5282874118244569,1.5604898929595947,540000.0
3.468375612462621,2.1350422791292876,4.1860488744899325,0.09966997335299081,-8.640595411646423,-2.8511553969211096,-4.078746776572644,0.09663383065493791,-2.833499284288986,True,3.5369425126920584,1.1789808375640194,nan,equal_acquisition_time,best_5hole_sparse_blue_noise_n5_d1d25_mind6_s0,blue_noise,20260511,5,5,1.25,638795.0,639822.7745589216,156414.60240703018,47587261.50288917,0.9585365085987756,0.15641407144873107,0.46820295337663825,0.58432,0.09443522013065754,22261045.496401172,47587261.50288917,0.5283483941220296,1.5998589992523193,543632.0
7.155416530253806,5.822083196920471,7.495405650775865,1.1853494965171523,-0.3441912666477166,-0.25873910661165356,0.06979130393092896,0.5161664702695774,-15.189851845503958,True,7.846231685286508,2.6154105617621695,nan,equal_acquisition_time,best_7hole_sparse_blue_noise_n7_d0d75_mind3_s0,blue_noise,20260509,5,7,0.75,328545.0,328905.02121555276,156414.60240703018,63090920.545762286,0.9821740116445289,0.14873193656855685,0.5657153895309002,0.5674285714285713,0.37319618049683595,31008931.374430753,63090920.545762286,0.22915940822318331,1.5894181728363037,544544.0
7.479456098426741,6.146122765093408,7.8235180456437705,1.281944272116633,-0.32206886495832954,-0.2546575085728254,0.08538314875819088,0.5146274954633454,-15.372084935490253,True,8.547633581549924,2.8492111938499747,nan,equal_acquisition_time,best_7hole_sparse_blue_noise_n7_d0d75_mind3_s0,blue_noise,20260510,5,7,0.75,329012.0,328905.02121555276,156414.60240703018,70411186.95827469,0.9831252992411926,0.14873193656855685,0.5657153895309002,0.5674285714285713,0.37319618049683595,34667217.589161195,70411186.95827469,0.2140551530711941,1.664370059967041,545408.0
6.493414378958131,5.160081045624797,6.819671107486126,1.0033891367386418,-0.390185681605174,-0.22634452001478242,-0.02803444958152219,0.33943274715166494,-17.79603256716113,True,6.601198194854697,2.200399398284899,nan,equal_acquisition_time,best_7hole_sparse_blue_noise_n7_d0d75_mind3_s0,blue_noise,20260511,5,7,0.75,328974.0,328905.02121555276,156414.60240703018,49230558.60211753,0.9772172122623067,0.14873193656855685,0.5657153895309002,0.5674285714285713,0.37319618049683595,24076564.39147642,49230558.60211753,0.2623426271379699,1.7024602890014648,547440.0
21.31586561833609,19.98253228500276,23.13403930269585,1.2187751084651157,-1.7901649008728195,-0.5689365222693266,-0.8798664652418973,0.7354213911062124,-8.57717209958238,True,8.686686875480264,2.8955622918267547,nan,equal_acquisition_time,best_ring_ring_n3_d0d75_mind3,ring,20260509,5,3,0.75,256470.0,255772.59663478704,156414.60240703018,50434670.51712648,0.9168870726793826,0.097923138302781,0.7417360359363849,0.2601333333333333,0.4069059385403492,24754222.88942803,50434670.51712648,0.16992321568736998,0.9096498489379883,548080.0
14.894306493876153,13.56097316054282,16.550322244455568,1.0112709830340603,-1.9650706230422628,-0.702573902999751,-0.8409523782426613,0.8032099900636243,-6.890310553200804,True,8.380502064777678,2.793500688259226,nan,equal_acquisition_time,best_ring_ring_n3_d0d75_mind3,ring,20260510,5,3,0.75,255854.0,255772.59663478704,156414.60240703018,51540693.727940276,0.8863594606296835,0.097923138302781,0.7417360359363849,0.2601333333333333,0.4069059385403492,25309288.249666654,51540693.727940276,0.17863396067485807,0.8530361652374268,549024.0
10.356911119818445,9.023577786485111,11.652160849869452,0.9025928325605846,-1.7220385759676184,-0.6834663767838698,-0.6284923731134264,0.7512375439854706,-6.772084963262323,True,8.21812595747458,2.7393753191581935,nan,equal_acquisition_time,best_ring_ring_n3_d0d75_mind3,ring,20260511,5,3,0.75,254783.0,255772.59663478704,156414.60240703018,51817471.04335277,0.89123004282555,0.097923138302781,0.7417360359363849,0.2601333333333333,0.4069059385403492,25450110.25741531,51817471.04335277,0.19037476846263615,0.9743771553039551,553648.0
9.223766763297228,7.8904334299638945,9.331220928740844,0.9358485169432732,-0.1377840496595629,-0.4131768606732025,0.5232989274175606,0.8183828922059376,-8.414559002451728,True,2.4933587638530468,0.8311195879510156,nan,equal_incident_dose,traditional_5,single_pinhole,20260509,5,1,1.0,199958.0,200000.06399999995,156414.60240703018,8882019.917666033,0.28968943138923225,0.10256743929110343,0.5864130850866878,0.036800000000000006,0.0,4095354.060735088,8882019.917666033,0.9650189143497837,0.3445749282836914,554496.0
9.359434852550706,8.026101519217372,9.653657446272044,0.8866600111749084,-0.3981989804612457,-0.5379530512331929,0.4625259015118627,0.8774306671552394,-6.5758045063205826,True,2.5333688809530135,0.8444562936510045,nan,equal_incident_dose,traditional_5,single_pinhole,20260510,5,1,1.0,200361.0,200000.06399999995,156414.60240703018,8980516.399623925,0.2816999038408709,0.10256743929110343,0.5864130850866878,0.036800000000000006,0.0,4143221.1056035575,8980516.399623925,0.9763231702265898,0.34316205978393555,556032.0
9.207940291218605,7.874606957885272,9.538891427347087,0.869979779021713,-0.45649493577972644,-0.55988210108841,0.43931642596172893,0.8590688654318227,-6.359702457207165,True,2.4875585700132072,0.8291861900044024,nan,equal_incident_dose,traditional_5,single_pinhole,20260511,5,1,1.0,199116.0,200000.06399999995,156414.60240703018,8815775.39329733,0.2740145120525418,0.10256743929110343,0.5864130850866878,0.036800000000000006,0.0,4063641.386541574,8815775.39329733,0.9932399216222837,0.36977601051330566,557936.0
34.542381071957976,33.20904773862464,35.70735963648608,1.0106157535063958,-1.383289615843967,-0.9665385517448821,0.16317206694784372,0.7653060874875506,-3.969658454001209,True,21.926549890586298,7.308849963528766,nan,equal_incident_dose,traditional_15,single_pinhole,20260509,15,1,1.0,601208.0,599888.0897483763,156414.60240703018,334550515.0889236,0.9139429780870306,0.09045635331672719,0.49337093069650695,0.03573333333333333,0.0,166233754.32647777,334550515.0889236,0.10436418416121673,1.123551845550537,558576.0
34.42482273323942,33.09148939990608,35.58288880497728,1.0051902853841954,-1.3825036973514753,-0.9548233981222226,0.14521373964408055,0.7820849487748072,-4.037171971211461,True,21.856885197450165,7.285628399150055,nan,equal_incident_dose,traditional_15,single_pinhole,20260510,15,1,1.0,599712.0,599888.0897483763,156414.60240703018,333487906.3679159,0.9139401069503815,0.09045635331672719,0.49337093069650695,0.03573333333333333,0.0,165705145.1361946,333487906.3679159,0.1045327109771033,0.9377527236938477,560096.0
34.334075482245694,33.00074214891236,35.44662644670196,1.0084061511654363,-1.3239319849492766,-0.9579862491611073,0.20884601370849454,0.7845816152223627,-3.957420046072014,True,21.74394270083825,7.247980900279416,nan,equal_incident_dose,traditional_15,single_pinhole,20260511,15,1,1.0,599176.0,599888.0897483763,156414.60240703018,331680061.6300096,0.913873570551514,0.09045635331672719,0.49337093069650695,0.03573333333333333,0.0,164804092.84566987,331680061.6300096,0.10490552007706058,1.0670998096466064,567040.0
74.45593744370136,73.12260411036802,73.8350690658555,2.682045857108167,0.2777887079896321,0.16786668527107962,0.009202011555904738,0.2497229343238414,23.77361524712037,True,43.68176077978697,14.560586926595656,nan,equal_incident_dose,traditional_45,single_pinhole,20260509,45,1,1.0,1799389.0,1799820.9629458876,156414.60240703018,2042302050.642818,0.9189882920352814,0.08930036725036779,0.45193145229228665,0.034666666666666665,0.0,1018035624.8006974,2042302050.642818,0.10344625573711343,2.8177170753479004,571280.0
74.45099694998252,73.11766361664918,73.82937737968723,2.6890070202949325,0.27740481104156683,0.1646086575976945,0.014030958885255726,0.24409493152283357,24.214820163690902,True,43.671195839296956,14.557065279765652,nan,equal_incident_dose,traditional_45,single_pinhole,20260510,45,1,1.0,1797691.0,1799820.9629458876,156414.60240703018,2041764051.646531,0.9185435801147123,0.08930036725036779,0.45193145229228665,0.034666666666666665,0.0,1017775196.4801195,2041764051.646531,0.1035085820645948,2.3882977962493896,572912.0
73.72472481021931,72.39139147688599,73.11465925862747,2.663410094339462,0.27486516757824664,0.16667876326281345,0.008179146357745299,0.25029888420679747,23.949186900001692,False,43.21468135423012,14.404893784743374,nan,equal_incident_dose,traditional_45,single_pinhole,20260511,45,1,1.0,1798044.0,1799820.9629458876,156414.60240703018,2019757132.6238487,0.9189051185374715,0.08930036725036779,0.45193145229228665,0.034666666666666665,0.0,1006766434.5500742,2019757132.6238487,0.10408520256760334,2.589144229888916,585024.0
5.99242608650088,4.659092753167547,6.079443704947306,2.080215108003425,-0.05019728091290208,0.15970114580004463,-0.3057191141929732,0.2609781862417495,26.9611034574792,False,9.405432721750186,3.1351442405833954,nan,equal_incident_dose,grid9_p6_d1p25_5,grid3x3,20260509,5,9,1.25,1374790.0,1373028.9362214701,156414.60240703018,302727614.8996297,0.9904210171959592,0.10650230937715666,0.6024770693753654,0.5347555555555554,0.3923135322273782,147201682.88670224,302727614.8996297,0.21407629999065536,1.9495010375976562,586016.0
6.051312597103677,4.717979263770343,6.140518903919116,2.072257785445725,-0.05165745735417794,0.159938760582368,-0.3075594742859664,0.2616983908908629,26.932555051704217,False,9.451388483716725,3.150462827905575,nan,equal_incident_dose,grid9_p6_d1p25_5,grid3x3,20260510,5,9,1.25,1373370.0,1373028.9362214701,156414.60240703018,304673474.94989145,0.9904781092247739,0.10650230937715666,0.6024770693753654,0.5347555555555554,0.3923135322273782,148180065.84856734,304673474.94989145,0.2122354134751995,2.0669538974761963,586944.0
6.030956736251017,4.697623402917684,6.11632451843638,2.079381650859046,-0.04926528931334655,0.15996040670308204,-0.30520194003827755,0.262203402508592,26.914172255323024,False,9.438067490906132,3.1460224969687105,nan,equal_incident_dose,grid9_p6_d1p25_5,grid3x3,20260511,5,9,1.25,1374703.0,1373028.9362214701,156414.60240703018,304054719.5126512,0.9904562416034612,0.10650230937715666,0.6024770693753654,0.5347555555555554,0.3923135322273782,147864424.95507964,304054719.5126512,0.2129792136369021,1.9736409187316895,587536.0
3.472218061456076,2.138884728122743,4.192564433024728,0.10169227014310801,-8.50030827973374,-2.758176009087206,-4.087226665194212,0.0942707345827839,-2.9320923097545935,True,3.5388968214697845,1.1796322738232614,nan,equal_incident_dose,best_5hole_sparse_blue_noise_n5_d1d25_mind6_s0,blue_noise,20260509,5,5,1.25,639087.0,639822.7745589216,156414.60240703018,47648652.2589508,0.9408458258330449,0.15641407144873107,0.46820295337663825,0.58432,0.09443522013065754,22290612.605452705,47648652.2589508,0.5275055486079582,1.0599899291992188,588688.0
3.480673970448852,2.1473406371155184,4.203905281004188,0.09646270012740725,-8.997027571487386,-2.956289465776296,-4.266964426245315,0.09564993159183277,-2.796398837782444,True,3.5484907532166754,1.182830251072225,nan,equal_incident_dose,best_5hole_sparse_blue_noise_n5_d1d25_mind6_s0,blue_noise,20260510,5,5,1.25,640249.0,639822.7745589216,156414.60240703018,47795352.91710326,0.8537861101329992,0.15641407144873107,0.46820295337663825,0.58432,0.09443522013065754,22359580.289625946,47795352.91710326,0.5282874118244569,1.2240161895751953,589888.0
3.468375612462621,2.1350422791292876,4.1860488744899325,0.09966997335299081,-8.640595411646423,-2.8511553969211096,-4.078746776572644,0.09663383065493791,-2.833499284288986,True,3.5369425126920584,1.1789808375640194,nan,equal_incident_dose,best_5hole_sparse_blue_noise_n5_d1d25_mind6_s0,blue_noise,20260511,5,5,1.25,638795.0,639822.7745589216,156414.60240703018,47587261.50288917,0.9585365085987756,0.15641407144873107,0.46820295337663825,0.58432,0.09443522013065754,22261045.496401172,47587261.50288917,0.5283483941220296,1.3427000045776367,590560.0
7.155416530253806,5.822083196920471,7.495405650775865,1.1853494965171523,-0.3441912666477166,-0.25873910661165356,0.06979130393092896,0.5161664702695774,-15.189851845503958,True,7.846231685286508,2.6154105617621695,nan,equal_incident_dose,best_7hole_sparse_blue_noise_n7_d0d75_mind3_s0,blue_noise,20260509,5,7,0.75,328545.0,328905.02121555276,156414.60240703018,63090920.545762286,0.9821740116445289,0.14873193656855685,0.5657153895309002,0.5674285714285713,0.37319618049683595,31008931.374430753,63090920.545762286,0.22915940822318331,1.7086188793182373,591680.0
7.479456098426741,6.146122765093408,7.8235180456437705,1.281944272116633,-0.32206886495832954,-0.2546575085728254,0.08538314875819088,0.5146274954633454,-15.372084935490253,True,8.547633581549924,2.8492111938499747,nan,equal_incident_dose,best_7hole_sparse_blue_noise_n7_d0d75_mind3_s0,blue_noise,20260510,5,7,0.75,329012.0,328905.02121555276,156414.60240703018,70411186.95827469,0.9831252992411926,0.14873193656855685,0.5657153895309002,0.5674285714285713,0.37319618049683595,34667217.589161195,70411186.95827469,0.2140551530711941,1.5631580352783203,593296.0
6.493414378958131,5.160081045624797,6.819671107486126,1.0033891367386418,-0.390185681605174,-0.22634452001478242,-0.02803444958152219,0.33943274715166494,-17.79603256716113,True,6.601198194854697,2.200399398284899,nan,equal_incident_dose,best_7hole_sparse_blue_noise_n7_d0d75_mind3_s0,blue_noise,20260511,5,7,0.75,328974.0,328905.02121555276,156414.60240703018,49230558.60211753,0.9772172122623067,0.14873193656855685,0.5657153895309002,0.5674285714285713,0.37319618049683595,24076564.39147642,49230558.60211753,0.2623426271379699,1.5214133262634277,594304.0
21.31586561833609,19.98253228500276,23.13403930269585,1.2187751084651157,-1.7901649008728195,-0.5689365222693266,-0.8798664652418973,0.7354213911062124,-8.57717209958238,True,8.686686875480264,2.8955622918267547,nan,equal_incident_dose,best_ring_ring_n3_d0d75_mind3,ring,20260509,5,3,0.75,256470.0,255772.59663478704,156414.60240703018,50434670.51712648,0.9168870726793826,0.097923138302781,0.7417360359363849,0.2601333333333333,0.4069059385403492,24754222.88942803,50434670.51712648,0.16992321568736998,0.7688009738922119,596208.0
14.894306493876153,13.56097316054282,16.550322244455568,1.0112709830340603,-1.9650706230422628,-0.702573902999751,-0.8409523782426613,0.8032099900636243,-6.890310553200804,True,8.380502064777678,2.793500688259226,nan,equal_incident_dose,best_ring_ring_n3_d0d75_mind3,ring,20260510,5,3,0.75,255854.0,255772.59663478704,156414.60240703018,51540693.727940276,0.8863594606296835,0.097923138302781,0.7417360359363849,0.2601333333333333,0.4069059385403492,25309288.249666654,51540693.727940276,0.17863396067485807,0.7335941791534424,596656.0
10.356911119818445,9.023577786485111,11.652160849869452,0.9025928325605846,-1.7220385759676184,-0.6834663767838698,-0.6284923731134264,0.7512375439854706,-6.772084963262323,True,8.21812595747458,2.7393753191581935,nan,equal_incident_dose,best_ring_ring_n3_d0d75_mind3,ring,20260511,5,3,0.75,254783.0,255772.59663478704,156414.60240703018,51817471.04335277,0.89123004282555,0.097923138302781,0.7417360359363849,0.2601333333333333,0.4069059385403492,25450110.25741531,51817471.04335277,0.19037476846263615,0.7343320846557617,597584.0
9.223766763297228,7.8904334299638945,9.331220928740844,0.9358485169432732,-0.1377840496595629,-0.4131768606732025,0.5232989274175606,0.8183828922059376,-8.414559002451728,True,2.4933587638530468,0.8311195879510156,nan,equal_detected_counts,traditional_5,single_pinhole,20260509,5,1,1.0,199958.0,200000.06399999995,156414.60240703018,8882019.917666033,0.28968943138923225,0.10256743929110343,0.5864130850866878,0.036800000000000006,0.0,4095354.060735088,8882019.917666033,0.9650189143497837,0.3293020725250244,598496.0
9.359434852550706,8.026101519217372,9.653657446272044,0.8866600111749084,-0.3981989804612457,-0.5379530512331929,0.4625259015118627,0.8774306671552394,-6.5758045063205826,True,2.5333688809530135,0.8444562936510045,nan,equal_detected_counts,traditional_5,single_pinhole,20260510,5,1,1.0,200361.0,200000.06399999995,156414.60240703018,8980516.399623925,0.2816999038408709,0.10256743929110343,0.5864130850866878,0.036800000000000006,0.0,4143221.1056035575,8980516.399623925,0.9763231702265898,0.34171581268310547,599136.0
9.207940291218605,7.874606957885272,9.538891427347087,0.869979779021713,-0.45649493577972644,-0.55988210108841,0.43931642596172893,0.8590688654318227,-6.359702457207165,True,2.4875585700132072,0.8291861900044024,nan,equal_detected_counts,traditional_5,single_pinhole,20260511,5,1,1.0,199116.0,200000.06399999995,156414.60240703018,8815775.39329733,0.2740145120525418,0.10256743929110343,0.5864130850866878,0.036800000000000006,0.0,4063641.386541574,8815775.39329733,0.9932399216222837,0.32927608489990234,600112.0
14.783850855182195,13.45051752184886,14.147577475721512,0.6548320291441466,1.1659906989441768,1.0653694399652076,-0.5386004050001547,0.6600016103764342,4.260118823333598,False,6.566357869471869,2.188785956490623,nan,equal_detected_counts,traditional_15,single_pinhole,20260509,15,1,1.0,200454.0,200000.192,52147.94397223812,30398754.982720364,0.2528910861169263,0.09045635331672719,0.49337093069650695,0.03573333333333333,0.0,15043869.487515008,30398754.982720364,0.2663488102826737,0.8688759803771973,601920.0
14.618453312743965,13.28511997941063,14.041540836160491,0.6706813870104187,1.0322263079136451,1.040227496152528,-0.632137685930399,0.6423050666335012,4.453004465910783,False,6.478212271929258,2.159404090643086,nan,equal_detected_counts,traditional_15,single_pinhole,20260510,15,1,1.0,199541.0,200000.192,52147.94397223812,29967195.889368575,0.2612072332578331,0.09045635331672719,0.49337093069650695,0.03573333333333333,0.0,14829484.917238858,29967195.889368575,0.2685911117651898,0.839928150177002,602704.0
14.66209181825146,13.328758484918126,14.076056923082845,0.6794645958060813,1.0349941388308082,1.0099280040602194,-0.5808906676655419,0.6716957421450878,4.535858644625122,False,6.490617225068259,2.163539075022753,nan,equal_detected_counts,traditional_15,single_pinhole,20260511,15,1,1.0,200120.0,200000.192,52147.94397223812,30022193.550628044,0.2553285880181247,0.09045635331672719,0.49337093069650695,0.03573333333333333,0.0,14855190.001438458,30022193.550628044,0.2679955922877794,0.8456227779388428,604192.0
72.88951038049558,71.55617704716225,77.09787920099234,1.5483908966438351,-3.2614778319493984,2.4466481429660973,-7.17611486069515,0.5835830596624599,4.567928940998533,False,38.199965506562954,12.733321835520984,nan,equal_detected_counts,traditional_45,single_pinhole,20260509,45,1,1.0,199524.0,200000.57600000003,17381.13464449082,188370966.3705905,0.9061242145592115,0.08930036725036779,0.45193145229228665,0.034666666666666665,0.0,94180408.47600363,188370966.3705905,0.10419771383498949,2.2438929080963135,610112.0
73.55355174957423,72.22021841624088,77.46441487238697,1.5754900603561781,-2.9787783912228134,2.560254568652493,-7.0751857010668004,0.6046528977914779,4.325814251703831,False,38.452920839159624,12.817640279719875,nan,equal_detected_counts,traditional_45,single_pinhole,20260510,45,1,1.0,199790.0,200000.57600000003,17381.13464449082,189734442.90987876,0.9016936856572055,0.08930036725036779,0.45193145229228665,0.034666666666666665,0.0,94861891.27763665,189734442.90987876,0.10369485986972564,2.4165701866149902,616528.0
73.41925521685714,72.0859218835238,76.75169914678958,1.564430377138235,-2.556158953672365,2.2739820625498353,-6.194530253752099,0.6051331379475675,4.483118148399503,False,37.702166035092496,12.567388678364166,nan,equal_detected_counts,traditional_45,single_pinhole,20260511,45,1,1.0,199524.0,200000.57600000003,17381.13464449082,185827309.6293941,0.9060741928498127,0.08930036725036779,0.45193145229228665,0.034666666666666665,0.0,92908414.55113244,185827309.6293941,0.10523487930939623,2.7584421634674072,618064.0
40.61014954479213,39.2768162114588,41.58994105070957,1.6480491777385158,-0.7134191278893234,-0.16492292225037494,-0.4495424522887235,0.20175800177046632,-26.97952711226961,True,44.47152176517794,14.823840588392647,nan,equal_detected_counts,grid9_p6_d1p25_5,grid3x3,20260509,5,9,1.25,200408.0,200000.064,22783.87666443775,232488074.30341327,0.9879388813491454,0.10650230937715666,0.6024770693753654,0.5347555555555554,0.3923135322273782,116008900.14364493,232488074.30341327,0.05330389775017571,2.305840253829956,618080.0
39.69207754102474,38.35874420769141,40.68031050728333,1.6161948328046316,-0.7337478968747915,-0.16369953261851508,-0.4718286446851672,0.19469119071490326,-27.317296348709213,True,43.29170157823809,14.43056719274603,nan,equal_detected_counts,grid9_p6_d1p25_5,grid3x3,20260510,5,9,1.25,200258.0,200000.064,22783.87666443775,226298492.3105414,0.987976903265614,0.10650230937715666,0.6024770693753654,0.5347555555555554,0.3923135322273782,112914314.14531077,226298492.3105414,0.0544015156842542,2.090881109237671,618080.0
40.2779936229061,38.944660289572774,41.246178497383276,1.6384962490251564,-0.709078125789943,-0.16292280893322764,-0.4484016314967788,0.1924907443435363,-27.303737644984466,True,44.1489673439525,14.716322447984167,nan,equal_detected_counts,grid9_p6_d1p25_5,grid3x3,20260511,5,9,1.25,199658.0,200000.064,22783.87666443775,230755346.55613583,0.9878956695423096,0.10650230937715666,0.6024770693753654,0.5347555555555554,0.3923135322273782,115144309.41214362,230755346.55613583,0.0535323267118485,2.369218587875366,618080.0
0.27598400705321957,-1.0573493262801137,0.2386899191372938,0.4399744376961719,0.10171705823058623,0.0796031474305881,-0.025647977658354564,0.019452310883536494,50.57146743058892,True,7.116721060966972,2.3722403536556573,nan,equal_detected_counts,best_5hole_sparse_blue_noise_n5_d1d25_mind6_s0,blue_noise,20260509,5,5,1.25,199880.0,200000.06399999995,48893.107364192525,33494484.644943167,0.9250402067242876,0.15641407144873107,0.46820295337663825,0.58432,0.09443522013065754,16488311.5759567,33494484.644943167,0.19666829281710344,1.650111436843872,618080.0
0.2687710104310264,-1.064562322902307,0.24355303850939644,0.4501425695067433,0.0672266263088958,0.06751557504033077,-0.04079829375563326,0.016136929147127832,59.84986858723845,True,7.18770653466741,2.39590217822247,nan,equal_detected_counts,best_5hole_sparse_blue_noise_n5_d1d25_mind6_s0,blue_noise,20260510,5,5,1.25,200180.0,200000.06399999995,48893.107364192525,33864440.26726252,0.9517900510550812,0.15641407144873107,0.46820295337663825,0.58432,0.09443522013065754,16671676.426577771,33864440.26726252,0.19550569979620291,1.4493868350982666,618080.0
0.26876828072476405,-1.0645650526085693,0.24151877451841222,0.4532571948956091,0.07214316246023036,0.08314534899681418,-0.06088939593467218,0.025902517187988527,48.84084852527675,True,7.189300615062887,2.396433538354296,nan,equal_detected_counts,best_5hole_sparse_blue_noise_n5_d1d25_mind6_s0,blue_noise,20260511,5,5,1.25,199469.0,200000.06399999995,48893.107364192525,33917244.41687874,0.9257193448259039,0.15641407144873107,0.46820295337663825,0.58432,0.09443522013065754,16699386.055753134,33917244.41687874,0.19532047130973615,1.5476508140563965,618080.0
4.761848010924609,3.428514677591276,3.7962188381105,1.4374058199001034,0.806143255672543,-0.19443793137145993,1.1172439458668786,0.4535179351082784,-14.826099176224108,True,26.13093054216511,8.710310180721704,nan,equal_detected_counts,best_7hole_sparse_blue_noise_n7_d0d75_mind3_s0,blue_noise,20260509,5,7,0.75,200403.0,200000.06399999995,95112.34110376846,148092579.5673047,0.9842314742686954,0.14873193656855685,0.5657153895309002,0.5674285714285713,0.37319618049683595,73810893.19204913,148092579.5673047,0.07960020593611193,2.160614252090454,618080.0
5.07429431090535,3.740960977572017,4.053776581623955,1.4695340545382949,0.8333398408534544,-0.20387528571503874,1.1595402979975158,0.4591489144366141,-13.932339528257787,True,26.661059579759794,8.887019859919931,nan,equal_detected_counts,best_7hole_sparse_blue_noise_n7_d0d75_mind3_s0,blue_noise,20260510,5,7,0.75,199649.0,200000.06399999995,95112.34110376846,151348328.4666825,0.9844498740635279,0.14873193656855685,0.5657153895309002,0.5674285714285713,0.37319618049683595,75440799.12181482,151348328.4666825,0.07832977396071242,1.8016672134399414,618080.0
4.943481135355618,3.610147802022284,3.9358789859666983,1.4323704643210173,0.8441409603065646,-0.19420248645201926,1.154864938629795,0.43845568843699356,-14.650353418997751,True,26.264661399994168,8.754887133331389,nan,equal_detected_counts,best_7hole_sparse_blue_noise_n7_d0d75_mind3_s0,blue_noise,20260511,5,7,0.75,199074.0,200000.06399999995,95112.34110376846,149032146.54627272,0.9843970757429636,0.14873193656855685,0.5657153895309002,0.5674285714285713,0.37319618049683595,74283515.32496187,149032146.54627272,0.0791403574434532,1.8539609909057617,618080.0
6.1559572415257575,4.8226239081924245,7.247278195602753,1.0824301457350216,-1.209856497486148,-0.05491958148590587,-1.1219851671086982,0.00604871960993536,-93.26336852044591,True,5.585849669248421,1.8619498897494735,nan,equal_detected_counts,best_ring_ring_n3_d0d75_mind3,ring,20260509,5,3,0.75,200836.0,200000.06399999995,122307.58384863143,25329672.86677918,0.2733296281284295,0.097923138302781,0.7417360359363849,0.2601333333333333,0.4069059385403492,12347783.992083872,25329672.86677918,0.22804621047207824,0.7718138694763184,618080.0
5.598002790167121,4.264669456833787,6.591424701098407,1.030545433077289,-1.1567721857325786,-0.04134493047334439,-1.090620296975227,0.003415844589244932,-123.1256223845198,True,5.065979650471852,1.6886598834906172,nan,equal_detected_counts,best_ring_ring_n3_d0d75_mind3,ring,20260510,5,3,0.75,199885.0,200000.06399999995,122307.58384863143,22817623.310926866,0.31058149719856065,0.097923138302781,0.7417360359363849,0.2601333333333333,0.4069059385403492,11095293.32986158,22817623.310926866,0.2419050676189677,0.8596460819244385,618080.0
4.936503912695092,3.603170579361759,5.817264559656533,0.9875691811857498,-1.0702164430493069,-0.026704036798033844,-1.0274899841724523,0.001512340132545087,-188.2670407547751,True,4.6184376355055585,1.539479211835186,nan,equal_detected_counts,best_ring_ring_n3_d0d75_mind3,ring,20260511,5,3,0.75,199399.0,200000.06399999995,122307.58384863143,20727319.82383211,0.35156353744564633,0.097923138302781,0.7417360359363849,0.2601333333333333,0.4069059385403492,10050759.481260635,20727319.82383211,0.25702687462806734,0.9994649887084961,618080.0
